{
  "run_total_r": 0.3359742000000075,
  "run_peak_r": 0.6507500100000067,
  "max_drawdown_r": 0.31477580999999916,
  "current_drawdown_r": 0.31477580999999916,
  "final_balance": 50335.974200000004,
  "initial_capital": 50000.0,
  "trading_mode": "AGGRESSIVE",
  "run_stopped": false,
  "disabled_playbooks": [],
  "stop_run_triggered": false,
  "stop_run_time": null,
  "stop_run_reason": ""
}