{
  "Aplus_04_HTF_15m_BOS_v1": {
    "trades": 15,
    "wins": 8,
    "losses": 7,
    "winrate": 53.333333333333336,
    "total_r": -0.9169324173000022,
    "profit_factor": 0.508539112525368,
    "disabled": false,
    "disable_reason": ""
  }
}