{
  "Liquidity_Sweep_Scalp": {
    "trades": 282,
    "wins": 24,
    "losses": 258,
    "winrate": 8.51063829787234,
    "total_r": -12.741410347999926,
    "profit_factor": 0.027572681272387146,
    "disabled": false,
    "disable_reason": ""
  },
  "NY_Open_Reversal": {
    "trades": 10,
    "wins": 0,
    "losses": 10,
    "winrate": 0.0,
    "total_r": -1.6599085014999777,
    "profit_factor": 0.0,
    "disabled": false,
    "disable_reason": ""
  },
  "Session_Open_Scalp": {
    "trades": 8,
    "wins": 5,
    "losses": 3,
    "winrate": 62.5,
    "total_r": 0.3517308999999946,
    "profit_factor": 3.24651284589712,
    "disabled": false,
    "disable_reason": ""
  },
  "Morning_Trap_Reversal": {
    "trades": 104,
    "wins": 28,
    "losses": 76,
    "winrate": 26.923076923076923,
    "total_r": -1.1273018844998484,
    "profit_factor": 0.8887284852974264,
    "disabled": false,
    "disable_reason": ""
  },
  "Trend_Continuation_FVG_Retest": {
    "trades": 104,
    "wins": 44,
    "losses": 60,
    "winrate": 42.30769230769231,
    "total_r": 7.746395396499944,
    "profit_factor": 2.389235880604343,
    "disabled": false,
    "disable_reason": ""
  },
  "FVG_Fill_Scalp": {
    "trades": 19,
    "wins": 2,
    "losses": 17,
    "winrate": 10.526315789473683,
    "total_r": -0.45269429999999544,
    "profit_factor": 0.0701074289019697,
    "disabled": false,
    "disable_reason": ""
  }
}