{
  "FVG_Fill_Scalp": {
    "trades": 609,
    "wins": 194,
    "losses": 415,
    "winrate": 31.85550082101806,
    "total_r": -24.720912259749944,
    "profit_factor": 0.37154200914588853,
    "disabled": false,
    "disable_reason": ""
  },
  "Session_Open_Scalp": {
    "trades": 47,
    "wins": 10,
    "losses": 37,
    "winrate": 21.27659574468085,
    "total_r": -2.6071364669999895,
    "profit_factor": 0.41069940034424923,
    "disabled": false,
    "disable_reason": ""
  },
  "NY_Open_Reversal": {
    "trades": 392,
    "wins": 118,
    "losses": 274,
    "winrate": 30.102040816326532,
    "total_r": -0.44736628450047466,
    "profit_factor": 0.9867329303929375,
    "disabled": false,
    "disable_reason": ""
  }
}