{
  "run_total_r": -27.775415011250434,
  "run_peak_r": 0.5781413749999834,
  "max_drawdown_r": 31.75571430650004,
  "current_drawdown_r": 28.353556386250418,
  "final_balance": 22224.584988749568,
  "initial_capital": 50000.0,
  "trading_mode": "AGGRESSIVE",
  "run_stopped": false,
  "disabled_playbooks": [],
  "stop_run_triggered": false,
  "stop_run_time": null,
  "stop_run_reason": ""
}