{
  "playbook": "News_Fade",
  "total_trades": 66,
  "global_metrics": {
    "total_trades": 66,
    "wins": 16,
    "losses": 50,
    "breakevens": 0,
    "winrate": 24.242424242424242,
    "total_r": -2.5842782543943965,
    "gross_profit_r": 19.053914044189014,
    "gross_loss_r": -20.68513385162298,
    "profit_factor": 0.9211404760957842,
    "expectancy_r": -0.024715451627787485,
    "avg_win_r": 1.1908696277618134,
    "avg_loss_r": -0.41370267703245955,
    "max_drawdown_r": 16.639211453551777,
    "max_consecutive_losses": 20
  },
  "by_time_bucket": {
    "10:00-11:30": {
      "total_trades": 12,
      "wins": 0,
      "losses": 12,
      "breakevens": 0,
      "winrate": 0.0,
      "total_r": -4.519515981445176,
      "gross_profit_r": 0,
      "gross_loss_r": -2.2597579907225875,
      "profit_factor": 0.0,
      "expectancy_r": -0.18831316589354896,
      "avg_win_r": 0.0,
      "avg_loss_r": -0.18831316589354896,
      "max_drawdown_r": 4.519515981445176,
      "max_consecutive_losses": 12
    },
    "14:00-16:00": {
      "total_trades": 19,
      "wins": 5,
      "losses": 14,
      "breakevens": 0,
      "winrate": 26.31578947368421,
      "total_r": -0.2634142776488925,
      "gross_profit_r": 4.338453948058998,
      "gross_loss_r": -5.908567769470057,
      "profit_factor": 0.734264904343835,
      "expectancy_r": -0.0826375695479505,
      "avg_win_r": 0.8676907896117996,
      "avg_loss_r": -0.42204055496214693,
      "max_drawdown_r": 5.531636276855318,
      "max_consecutive_losses": 12
    },
    "11:30-14:00": {
      "total_trades": 11,
      "wins": 11,
      "losses": 0,
      "breakevens": 0,
      "winrate": 100.0,
      "total_r": 14.715460096130018,
      "gross_profit_r": 14.715460096130018,
      "gross_loss_r": 0,
      "profit_factor": Infinity,
      "expectancy_r": 1.3377690996481835,
      "avg_win_r": 1.3377690996481835,
      "avg_loss_r": 0.0,
      "max_drawdown_r": 0.0,
      "max_consecutive_losses": 0
    },
    "09:30-10:00": {
      "total_trades": 24,
      "wins": 0,
      "losses": 24,
      "breakevens": 0,
      "winrate": 0.0,
      "total_r": -12.516808091430338,
      "gross_profit_r": 0,
      "gross_loss_r": -12.516808091430338,
      "profit_factor": 0.0,
      "expectancy_r": -0.5215336704762641,
      "avg_win_r": 0.0,
      "avg_loss_r": -0.5215336704762641,
      "max_drawdown_r": 12.516808091430338,
      "max_consecutive_losses": 24
    }
  },
  "by_symbol": {
    "QQQ": {
      "total_trades": 37,
      "wins": 1,
      "losses": 36,
      "breakevens": 0,
      "winrate": 2.7027027027027026,
      "total_r": -15.467947175902843,
      "gross_profit_r": 1.4092329147338851,
      "gross_loss_r": -14.617422099914139,
      "profit_factor": 0.09640775952841663,
      "expectancy_r": -0.35697808608595283,
      "avg_win_r": 1.4092329147338851,
      "avg_loss_r": -0.40603950277539275,
      "max_drawdown_r": 15.467947175902843,
      "max_consecutive_losses": 24
    },
    "SPY": {
      "total_trades": 29,
      "wins": 15,
      "losses": 14,
      "breakevens": 0,
      "winrate": 51.724137931034484,
      "total_r": 12.883668921508454,
      "gross_profit_r": 17.64468112945513,
      "gross_loss_r": -6.067711751708849,
      "profit_factor": 2.9079629770622937,
      "expectancy_r": 0.3992058406119408,
      "avg_win_r": 1.1763120752970087,
      "avg_loss_r": -0.4334079822649178,
      "max_drawdown_r": 5.690780259094106,
      "max_consecutive_losses": 12
    }
  },
  "by_exit_reason": {
    "SL": {
      "total_trades": 50,
      "wins": 0,
      "losses": 50,
      "breakevens": 0,
      "winrate": 0.0,
      "total_r": -23.321823334960314,
      "gross_profit_r": 0,
      "gross_loss_r": -20.68513385162298,
      "profit_factor": 0.0,
      "expectancy_r": -0.41370267703245955,
      "avg_win_r": 0.0,
      "avg_loss_r": -0.41370267703245955,
      "max_drawdown_r": 23.321823334960314,
      "max_consecutive_losses": 50
    },
    "TP1": {
      "total_trades": 16,
      "wins": 16,
      "losses": 0,
      "breakevens": 0,
      "winrate": 100.0,
      "total_r": 20.737545080565926,
      "gross_profit_r": 19.053914044189014,
      "gross_loss_r": 0,
      "profit_factor": Infinity,
      "expectancy_r": 1.1908696277618134,
      "avg_win_r": 1.1908696277618134,
      "avg_loss_r": 0.0,
      "max_drawdown_r": 0.0,
      "max_consecutive_losses": 0
    }
  },
  "by_time_x_symbol": {
    "10:00-11:30_QQQ": {
      "total_trades": 12,
      "wins": 0,
      "losses": 12,
      "breakevens": 0,
      "winrate": 0.0,
      "total_r": -4.519515981445176,
      "gross_profit_r": 0,
      "gross_loss_r": -2.2597579907225875,
      "profit_factor": 0.0,
      "expectancy_r": -0.18831316589354896,
      "avg_win_r": 0.0,
      "avg_loss_r": -0.18831316589354896,
      "max_drawdown_r": 4.519515981445176,
      "max_consecutive_losses": 12
    },
    "14:00-16:00_QQQ": {
      "total_trades": 12,
      "wins": 0,
      "losses": 12,
      "breakevens": 0,
      "winrate": 0.0,
      "total_r": -5.531636276855318,
      "gross_profit_r": 0,
      "gross_loss_r": -5.531636276855318,
      "profit_factor": 0.0,
      "expectancy_r": -0.46096968973794317,
      "avg_win_r": 0.0,
      "avg_loss_r": -0.46096968973794317,
      "max_drawdown_r": 5.531636276855318,
      "max_consecutive_losses": 12
    },
    "14:00-16:00_SPY": {
      "total_trades": 7,
      "wins": 5,
      "losses": 2,
      "breakevens": 0,
      "winrate": 71.42857142857143,
      "total_r": 5.268221999206426,
      "gross_profit_r": 4.338453948058998,
      "gross_loss_r": -0.3769314926147392,
      "profit_factor": 11.509926957717278,
      "expectancy_r": 0.5659317793491798,
      "avg_win_r": 0.8676907896117996,
      "avg_loss_r": -0.1884657463073696,
      "max_drawdown_r": 0.7538629852294786,
      "max_consecutive_losses": 2
    },
    "11:30-14:00_QQQ": {
      "total_trades": 1,
      "wins": 1,
      "losses": 0,
      "breakevens": 0,
      "winrate": 100.0,
      "total_r": 1.4092329147338851,
      "gross_profit_r": 1.4092329147338851,
      "gross_loss_r": 0,
      "profit_factor": Infinity,
      "expectancy_r": 1.4092329147338851,
      "avg_win_r": 1.4092329147338851,
      "avg_loss_r": 0.0,
      "max_drawdown_r": 0.0,
      "max_consecutive_losses": 0
    },
    "11:30-14:00_SPY": {
      "total_trades": 10,
      "wins": 10,
      "losses": 0,
      "breakevens": 0,
      "winrate": 100.0,
      "total_r": 13.306227181396133,
      "gross_profit_r": 13.306227181396133,
      "gross_loss_r": 0,
      "profit_factor": Infinity,
      "expectancy_r": 1.3306227181396133,
      "avg_win_r": 1.3306227181396133,
      "avg_loss_r": 0.0,
      "max_drawdown_r": 0.0,
      "max_consecutive_losses": 0
    },
    "09:30-10:00_QQQ": {
      "total_trades": 12,
      "wins": 0,
      "losses": 12,
      "breakevens": 0,
      "winrate": 0.0,
      "total_r": -6.826027832336232,
      "gross_profit_r": 0,
      "gross_loss_r": -6.826027832336232,
      "profit_factor": 0.0,
      "expectancy_r": -0.568835652694686,
      "avg_win_r": 0.0,
      "avg_loss_r": -0.568835652694686,
      "max_drawdown_r": 6.826027832336232,
      "max_consecutive_losses": 12
    },
    "09:30-10:00_SPY": {
      "total_trades": 12,
      "wins": 0,
      "losses": 12,
      "breakevens": 0,
      "winrate": 0.0,
      "total_r": -5.69078025909411,
      "gross_profit_r": 0,
      "gross_loss_r": -5.69078025909411,
      "profit_factor": 0.0,
      "expectancy_r": -0.4742316882578425,
      "avg_win_r": 0.0,
      "avg_loss_r": -0.4742316882578425,
      "max_drawdown_r": 5.69078025909411,
      "max_consecutive_losses": 12
    }
  },
  "analysis": {
    "profitable_segments": [
      {
        "dimension": "time_bucket",
        "value": "11:30-14:00",
        "metrics": {
          "total_trades": 11,
          "wins": 11,
          "losses": 0,
          "breakevens": 0,
          "winrate": 100.0,