{
  "News_Fade": {
    "trades": 66,
    "wins": 16,
    "losses": 50,
    "winrate": 24.242424242424242,
    "total_r": -2.584278254394398,
    "profit_factor": 0.8891905569612794,
    "disabled": false,
    "disable_reason": ""
  },
  "SCALP_Aplus_1_Mini_FVG_Retest_NY_Open": {
    "trades": 21,
    "wins": 12,
    "losses": 9,
    "winrate": 57.14285714285714,
    "total_r": 7.026643542785818,
    "profit_factor": 2.5860096116169027,
    "disabled": false,
    "disable_reason": ""
  },
  "Session_Open_Scalp": {
    "trades": 38,
    "wins": 11,
    "losses": 27,
    "winrate": 28.947368421052634,
    "total_r": -5.510890663451866,
    "profit_factor": 0.582292040011978,
    "disabled": true,
    "disable_reason": "PF=0.81 < 0.85 (after 30 trades)"
  }
}