{
  "run_total_r": 1.6188450000000125,
  "run_peak_r": 1.8798950000000039,
  "max_drawdown_r": 0.26104999999999134,
  "current_drawdown_r": 0.26104999999999134,
  "final_balance": 51618.845000000016,
  "initial_capital": 50000.0,
  "trading_mode": "AGGRESSIVE",
  "run_stopped": false,
  "disabled_playbooks": [],
  "stop_run_triggered": false,
  "stop_run_time": null,
  "stop_run_reason": ""
}