{
  "run_total_r": 2.885189999999992,
  "run_peak_r": 3.1530499999999835,
  "max_drawdown_r": 0.2678599999999913,
  "current_drawdown_r": 0.2678599999999913,
  "final_balance": 52885.18999999999,
  "initial_capital": 50000.0,
  "trading_mode": "AGGRESSIVE",
  "run_stopped": false,
  "disabled_playbooks": [],
  "stop_run_triggered": false,
  "stop_run_time": null,
  "stop_run_reason": ""
}