{
  "run_total_r": -0.9440625231933546,
  "run_peak_r": 0.0,
  "max_drawdown_r": 0.9440625231933546,
  "current_drawdown_r": 0.9440625231933546,
  "final_balance": 49055.93747680664,
  "initial_capital": 50000.0,
  "trading_mode": "SAFE",
  "run_stopped": false,
  "disabled_playbooks": []
}