{
  "run_total_r": -1.068525375060431,
  "run_peak_r": 25.51196826751681,
  "max_drawdown_r": 26.580493642577242,
  "current_drawdown_r": 26.580493642577242,
  "final_balance": 48931.47462493957,
  "initial_capital": 50000.0,
  "trading_mode": "AGGRESSIVE",
  "run_stopped": true,
  "disabled_playbooks": [
    "Session_Open_Scalp"
  ],
  "stop_run_triggered": true,
  "stop_run_time": "2025-11-28T11:09:00-05:00",
  "stop_run_reason": "STOP RUN: MaxDD=20.31R \u2265 20.0R"
}