{
  "run_id": "miniweek_nf1r_confirm_oct2025_202510_w03",
  "n_setups": 20,
  "components": {
    "liquidity_sweep_score": {
      "min": 0.0,
      "median": 0.0,
      "p90": 0.0
    },
    "bos_strength_score": {
      "min": 0.20656690073257367,
      "median": 0.4391989925585404,
      "p90": 0.47475545541366115
    },
    "fvg_quality_score": {
      "min": 0.0,
      "median": 0.42820315475933324,
      "p90": 0.5058408587471861
    },
    "pattern_quality_score": {
      "min": 0.925,
      "median": 1.0,
      "p90": 1.0
    }
  },
  "flags": {
    "sweep_detected_pct": 0.0,
    "bos_detected_pct": 100.0,
    "fvg_detected_pct": 90.0,
    "pattern_detected_pct": 100.0
  },
  "quality_distribution": {
    "A": 2,
    "A+": 18
  }
}