{
  "Session_Open_Scalp": {
    "trades": 57,
    "wins": 20,
    "losses": 37,
    "winrate": 35.08771929824561,
    "total_r": -1.3382217999999857,
    "profit_factor": 0.7525499586875013,
    "disabled": false,
    "disable_reason": ""
  },
  "Liquidity_Sweep_Scalp": {
    "trades": 93,
    "wins": 29,
    "losses": 64,
    "winrate": 31.182795698924732,
    "total_r": -1.7791126999999045,
    "profit_factor": 0.628126507570368,
    "disabled": false,
    "disable_reason": ""
  },
  "News_Fade": {
    "trades": 23,
    "wins": 11,
    "losses": 12,
    "winrate": 47.82608695652174,
    "total_r": -0.16062634999994224,
    "profit_factor": 0.8661523097667874,
    "disabled": false,
    "disable_reason": ""
  },
  "NY_Open_Reversal": {
    "trades": 61,
    "wins": 27,
    "losses": 34,
    "winrate": 44.26229508196721,
    "total_r": -2.2124796089999172,
    "profit_factor": 0.5900492104830978,
    "disabled": false,
    "disable_reason": ""
  },
  "IFVG_5m_Sweep": {
    "trades": 60,
    "wins": 13,
    "losses": 47,
    "winrate": 21.666666666666668,
    "total_r": -0.8397278599999428,
    "profit_factor": 0.9036536210444882,
    "disabled": false,
    "disable_reason": ""
  },
  "FVG_Fill_Scalp": {
    "trades": 73,
    "wins": 30,
    "losses": 43,
    "winrate": 41.0958904109589,
    "total_r": -2.8684163499998996,
    "profit_factor": 0.31679690280488876,
    "disabled": false,
    "disable_reason": ""
  },
  "Morning_Trap_Reversal": {
    "trades": 62,
    "wins": 6,
    "losses": 56,
    "winrate": 9.67741935483871,
    "total_r": -8.663884209499848,
    "profit_factor": 0.2368853695643612,
    "disabled": false,
    "disable_reason": ""
  },
  "HTF_Bias_15m_BOS": {
    "trades": 26,
    "wins": 7,
    "losses": 19,
    "winrate": 26.923076923076923,
    "total_r": 0.8415437520000257,
    "profit_factor": 1.2450504661573758,
    "disabled": false,
    "disable_reason": ""
  }
}