{
  "run_total_r": -17.020925126499414,
  "run_peak_r": 1.9195036000000176,
  "max_drawdown_r": 22.40715462149938,
  "current_drawdown_r": 18.94042872649943,
  "final_balance": 32979.07487350051,
  "initial_capital": 50000.0,
  "trading_mode": "AGGRESSIVE",
  "run_stopped": false,
  "disabled_playbooks": [],
  "stop_run_triggered": false,
  "stop_run_time": null,
  "stop_run_reason": ""
}