{
  "run_total_r": -1.068525375060431,
  "run_peak_r": 25.51196826751681,
  "max_drawdown_r": 26.580493642577242,
  "current_drawdown_r": 26.580493642577242,
  "final_balance": 48931.47462493957,
  "initial_capital": 50000.0,
  "trading_mode": "AGGRESSIVE",
  "run_stopped": true,
  "disabled_playbooks": [
    "Session_Open_Scalp"
  ]
}