{
  "FVG_Fill_V065": {
    "trades": 3,
    "wins": 1,
    "losses": 2,
    "winrate": 33.33333333333333,
    "total_r": -0.6384794499999902,
    "profit_factor": 0.10816859354778874,
    "disabled": false,
    "disable_reason": ""
  }
}