{
  "Liquidity_Sweep_Scalp": {
    "trades": 96,
    "wins": 29,
    "losses": 67,
    "winrate": 30.208333333333332,
    "total_r": -5.273969880999941,
    "profit_factor": 0.32904379779983045,
    "disabled": false,
    "disable_reason": ""
  },
  "NY_Open_Reversal": {
    "trades": 60,
    "wins": 18,
    "losses": 42,
    "winrate": 30.0,
    "total_r": -3.9472301499999665,
    "profit_factor": 0.500387423987326,
    "disabled": false,
    "disable_reason": ""
  },
  "FVG_Fill_Scalp": {
    "trades": 46,
    "wins": 13,
    "losses": 33,
    "winrate": 28.26086956521739,
    "total_r": -1.3177543984999978,
    "profit_factor": 0.46529065527027313,
    "disabled": false,
    "disable_reason": ""
  },
  "Morning_Trap_Reversal": {
    "trades": 58,
    "wins": 10,
    "losses": 48,
    "winrate": 17.24137931034483,
    "total_r": -4.872763897500005,
    "profit_factor": 0.4496268711357492,
    "disabled": false,
    "disable_reason": ""
  },
  "IFVG_5m_Sweep": {
    "trades": 48,
    "wins": 1,
    "losses": 47,
    "winrate": 2.083333333333333,
    "total_r": -5.195582850000002,
    "profit_factor": 0.06404147472249064,
    "disabled": false,
    "disable_reason": ""
  },
  "HTF_Bias_15m_BOS": {
    "trades": 24,
    "wins": 2,
    "losses": 22,
    "winrate": 8.333333333333332,
    "total_r": -2.1076236574999787,
    "profit_factor": 0.29796217296199223,
    "disabled": false,
    "disable_reason": ""
  },
  "News_Fade": {
    "trades": 8,
    "wins": 3,
    "losses": 5,
    "winrate": 37.5,
    "total_r": -0.6216069999999989,
    "profit_factor": 0.35695816499278404,
    "disabled": false,
    "disable_reason": ""
  },
  "Session_Open_Scalp": {
    "trades": 19,
    "wins": 3,
    "losses": 16,
    "winrate": 15.789473684210526,
    "total_r": -1.4769227100000228,
    "profit_factor": 0.2480244640167822,
    "disabled": false,
    "disable_reason": ""
  }
}