{
  "run_total_r": -24.813454544499915,
  "run_peak_r": 0.747397600000007,
  "max_drawdown_r": 25.560852144499922,
  "current_drawdown_r": 25.560852144499922,
  "final_balance": 25186.54545550006,
  "initial_capital": 50000.0,
  "trading_mode": "AGGRESSIVE",
  "run_stopped": false,
  "disabled_playbooks": [],
  "stop_run_triggered": false,
  "stop_run_time": null,
  "stop_run_reason": ""
}