{
  "run_id": "backtest_20260419_092244",
  "n_setups": 20,
  "components": {
    "liquidity_sweep_score": {
      "min": 0.3,
      "median": 0.3,
      "p90": 0.3
    },
    "bos_strength_score": {
      "min": 0.49020792826514653,
      "median": 0.6599610522401776,
      "p90": 0.8163595236650962
    },
    "fvg_quality_score": {
      "min": 0.5715945546117894,
      "median": 0.6068896655017469,
      "p90": 0.8455600270798882
    },
    "pattern_quality_score": {
      "min": 0.8181818181818182,
      "median": 0.8666666666666667,
      "p90": 0.9
    }
  },
  "flags": {
    "sweep_detected_pct": 0.0,
    "bos_detected_pct": 100.0,
    "fvg_detected_pct": 100.0,
    "pattern_detected_pct": 100.0
  },
  "quality_distribution": {
    "A+": 20
  }
}