{
  "run_total_r": -17.586935187499915,
  "run_peak_r": 1.8918205125000502,
  "max_drawdown_r": 19.478755699999965,
  "current_drawdown_r": 19.478755699999965,
  "final_balance": 6482.612962500021,
  "initial_capital": 10000.0,
  "trading_mode": "AGGRESSIVE",
  "run_stopped": false,
  "disabled_playbooks": [],
  "stop_run_triggered": false,
  "stop_run_time": null,
  "stop_run_reason": ""
}