{
  "Liquidity_Sweep_Scalp": {
    "trades": 12,
    "wins": 3,
    "losses": 9,
    "winrate": 25.0,
    "total_r": -0.25318657299997316,
    "profit_factor": 0.6382964731893416,
    "disabled": false,
    "disable_reason": ""
  },
  "Engulfing_Bar_V056": {
    "trades": 8,
    "wins": 2,
    "losses": 6,
    "winrate": 25.0,
    "total_r": -1.1358609639999635,
    "profit_factor": 0.35038756332578996,
    "disabled": false,
    "disable_reason": ""
  },
  "BOS_Scalp_1m": {
    "trades": 12,
    "wins": 3,
    "losses": 9,
    "winrate": 25.0,
    "total_r": -2.5658885704000434,
    "profit_factor": 0.18946648772499824,
    "disabled": false,
    "disable_reason": ""
  },
  "Morning_Trap_Reversal": {
    "trades": 6,
    "wins": 2,
    "losses": 4,
    "winrate": 33.33333333333333,
    "total_r": -0.28366921970000025,
    "profit_factor": 0.7189644124823641,
    "disabled": false,
    "disable_reason": ""
  }
}