{
  "run_total_r": -4.23860532709998,
  "run_peak_r": 1.297948589999972,
  "max_drawdown_r": 5.536553917099952,
  "current_drawdown_r": 5.536553917099952,
  "final_balance": 45761.394672900016,
  "initial_capital": 50000.0,
  "trading_mode": "AGGRESSIVE",
  "run_stopped": false,
  "disabled_playbooks": [],
  "stop_run_triggered": false,
  "stop_run_time": null,
  "stop_run_reason": ""
}