{
  "Liquidity_Sweep_Scalp": {
    "trades": 200,
    "wins": 49,
    "losses": 151,
    "winrate": 24.5,
    "total_r": -7.452651487500054,
    "profit_factor": 0.3534198933007896,
    "disabled": false,
    "disable_reason": ""
  },
  "Session_Open_Scalp": {
    "trades": 12,
    "wins": 1,
    "losses": 11,
    "winrate": 8.333333333333332,
    "total_r": -0.5635022750000163,
    "profit_factor": 0.4533084889643297,
    "disabled": false,
    "disable_reason": ""
  },
  "FVG_Fill_Scalp": {
    "trades": 32,
    "wins": 4,
    "losses": 28,
    "winrate": 12.5,
    "total_r": -3.2189230700000104,
    "profit_factor": 0.08044774734837423,
    "disabled": false,
    "disable_reason": ""
  },
  "Morning_Trap_Reversal": {
    "trades": 89,
    "wins": 18,
    "losses": 71,
    "winrate": 20.224719101123593,
    "total_r": -0.8858400009999454,
    "profit_factor": 0.8765049803109161,
    "disabled": false,
    "disable_reason": ""
  },
  "News_Fade": {
    "trades": 7,
    "wins": 0,
    "losses": 7,
    "winrate": 0.0,
    "total_r": -0.6559799999999846,
    "profit_factor": 0.0,
    "disabled": false,
    "disable_reason": ""
  }
}