{
  "Liquidity_Sweep_Scalp": {
    "trades": 12,
    "wins": 2,
    "losses": 10,
    "winrate": 16.666666666666664,
    "total_r": -1.613509521999985,
    "profit_factor": 0.0434801412413742,
    "disabled": false,
    "disable_reason": ""
  },
  "Engulfing_Bar_V056": {
    "trades": 8,
    "wins": 2,
    "losses": 6,
    "winrate": 25.0,
    "total_r": -0.7893015099999797,
    "profit_factor": 0.2333749001400768,
    "disabled": false,
    "disable_reason": ""
  },
  "Morning_Trap_Reversal": {
    "trades": 6,
    "wins": 0,
    "losses": 6,
    "winrate": 0.0,
    "total_r": -2.5847836999999902,
    "profit_factor": 0.0,
    "disabled": false,
    "disable_reason": ""
  },
  "BOS_Scalp_1m": {
    "trades": 12,
    "wins": 7,
    "losses": 5,
    "winrate": 58.333333333333336,
    "total_r": -1.5380288560000208,
    "profit_factor": 0.25787248095135945,
    "disabled": false,
    "disable_reason": ""
  }
}