{
  "Liquidity_Sweep_Scalp": {
    "trades": 96,
    "wins": 25,
    "losses": 71,
    "winrate": 26.041666666666668,
    "total_r": -8.162507364999954,
    "profit_factor": 0.21087510353986222,
    "disabled": false,
    "disable_reason": ""
  },
  "NY_Open_Reversal": {
    "trades": 60,
    "wins": 18,
    "losses": 42,
    "winrate": 30.0,
    "total_r": -4.32724817499995,
    "profit_factor": 0.44588584826850103,
    "disabled": false,
    "disable_reason": ""
  },
  "FVG_Fill_Scalp": {
    "trades": 59,
    "wins": 16,
    "losses": 43,
    "winrate": 27.11864406779661,
    "total_r": -2.8177711390000075,
    "profit_factor": 0.29092544524232716,
    "disabled": false,
    "disable_reason": ""
  },
  "Morning_Trap_Reversal": {
    "trades": 58,
    "wins": 11,
    "losses": 47,
    "winrate": 18.96551724137931,
    "total_r": -4.876929898500014,
    "profit_factor": 0.46134984186928907,
    "disabled": false,
    "disable_reason": ""
  },
  "IFVG_5m_Sweep": {
    "trades": 48,
    "wins": 1,
    "losses": 47,
    "winrate": 2.083333333333333,
    "total_r": -4.214358314999987,
    "profit_factor": 0.10725213217658908,
    "disabled": false,
    "disable_reason": ""
  },
  "News_Fade": {
    "trades": 8,
    "wins": 3,
    "losses": 5,
    "winrate": 37.5,
    "total_r": -0.6251218999999986,
    "profit_factor": 0.3332213719222939,
    "disabled": false,
    "disable_reason": ""
  },
  "Session_Open_Scalp": {
    "trades": 35,
    "wins": 7,
    "losses": 28,
    "winrate": 20.0,
    "total_r": -2.1956862050000003,
    "profit_factor": 0.2113437742011673,
    "disabled": false,
    "disable_reason": ""
  },
  "HTF_Bias_15m_BOS": {
    "trades": 20,
    "wins": 1,
    "losses": 19,
    "winrate": 5.0,
    "total_r": -1.7386981204999865,
    "profit_factor": 0.22607394113984236,
    "disabled": false,
    "disable_reason": ""
  }
}