{
  "run_total_r": -28.95832111799991,
  "run_peak_r": 0.9210924000000009,
  "max_drawdown_r": 29.879413517999907,
  "current_drawdown_r": 29.879413517999907,
  "final_balance": 21041.678882000055,
  "initial_capital": 50000.0,
  "trading_mode": "AGGRESSIVE",
  "run_stopped": false,
  "disabled_playbooks": [],
  "stop_run_triggered": false,
  "stop_run_time": null,
  "stop_run_reason": ""
}