{
  "run_id": "miniweek_htf_bias_15m_bos_solo_12w_htf_bias_15m_bos_solo_12w_nov_w2",
  "n_setups": 20,
  "components": {
    "liquidity_sweep_score": {
      "min": 0.3,
      "median": 0.3,
      "p90": 0.3
    },
    "bos_strength_score": {
      "min": 0.23143783342324892,
      "median": 0.37699351282081117,
      "p90": 0.40763131823200366
    },
    "fvg_quality_score": {
      "min": 0.7586783991674587,
      "median": 0.7586783991674587,
      "p90": 0.7586783991674587
    },
    "pattern_quality_score": {
      "min": 0.975,
      "median": 1.0,
      "p90": 1.0
    }
  },
  "flags": {
    "sweep_detected_pct": 0.0,
    "bos_detected_pct": 100.0,
    "fvg_detected_pct": 100.0,
    "pattern_detected_pct": 100.0
  },
  "quality_distribution": {
    "A+": 20
  }
}