{
  "Liquidity_Sweep_Scalp": {
    "trades": 219,
    "wins": 41,
    "losses": 178,
    "winrate": 18.72146118721461,
    "total_r": -10.888263467499915,
    "profit_factor": 0.11530931186060156,
    "disabled": false,
    "disable_reason": ""
  },
  "Morning_Trap_Reversal": {
    "trades": 108,
    "wins": 9,
    "losses": 99,
    "winrate": 8.333333333333332,
    "total_r": -10.586842020999953,
    "profit_factor": 0.2181554262191401,
    "disabled": false,
    "disable_reason": ""
  },
  "Session_Open_Scalp": {
    "trades": 6,
    "wins": 2,
    "losses": 4,
    "winrate": 33.33333333333333,
    "total_r": -0.5648948000000066,
    "profit_factor": 0.3266609896994496,
    "disabled": false,
    "disable_reason": ""
  },
  "News_Fade": {
    "trades": 1,
    "wins": 0,
    "losses": 1,
    "winrate": 0.0,
    "total_r": -0.07041000000000044,
    "profit_factor": 0.0,
    "disabled": false,
    "disable_reason": ""
  },
  "Trend_Continuation_FVG_Retest": {
    "trades": 51,
    "wins": 4,
    "losses": 47,
    "winrate": 7.8431372549019605,
    "total_r": -4.382275303999987,
    "profit_factor": 0.05757425169219173,
    "disabled": false,
    "disable_reason": ""
  },
  "NY_Open_Reversal": {
    "trades": 18,
    "wins": 7,
    "losses": 11,
    "winrate": 38.88888888888889,
    "total_r": 0.34976842349996157,
    "profit_factor": 1.1827014088335983,
    "disabled": false,
    "disable_reason": ""
  },
  "FVG_Fill_Scalp": {
    "trades": 17,
    "wins": 0,
    "losses": 17,
    "winrate": 0.0,
    "total_r": -1.664790765499995,
    "profit_factor": 0.0,
    "disabled": false,
    "disable_reason": ""
  }
}