{
  "Session_Open_Scalp": {
    "trades": 43,
    "wins": 37,
    "losses": 6,
    "winrate": 86.04651162790698,
    "total_r": 2.4964742000000113,
    "profit_factor": 12.649371072117933,
    "disabled": false,
    "disable_reason": ""
  },
  "FVG_Fill_Scalp": {
    "trades": 831,
    "wins": 137,
    "losses": 694,
    "winrate": 16.48616125150421,
    "total_r": -48.64554328749994,
    "profit_factor": 0.06556166469636467,
    "disabled": false,
    "disable_reason": ""
  },
  "NY_Open_Reversal": {
    "trades": 108,
    "wins": 46,
    "losses": 62,
    "winrate": 42.592592592592595,
    "total_r": 4.657198050999787,
    "profit_factor": 1.9669593044099372,
    "disabled": false,
    "disable_reason": ""
  },
  "News_Fade": {
    "trades": 1,
    "wins": 0,
    "losses": 1,
    "winrate": 0.0,
    "total_r": -0.032965400000002205,
    "profit_factor": 0.0,
    "disabled": false,
    "disable_reason": ""
  }
}