{
  "run_total_r": -41.524836436500124,
  "run_peak_r": 0.6175081999999823,
  "max_drawdown_r": 45.058866937499886,
  "current_drawdown_r": 42.142344636500106,
  "final_balance": 8475.163563499882,
  "initial_capital": 50000.0,
  "trading_mode": "AGGRESSIVE",
  "run_stopped": false,
  "disabled_playbooks": [],
  "stop_run_triggered": false,
  "stop_run_time": null,
  "stop_run_reason": ""
}