{
  "Aplus_03_v2": {
    "trades": 11,
    "wins": 5,
    "losses": 6,
    "winrate": 45.45454545454545,
    "total_r": -0.42187287799996476,
    "profit_factor": 0.3389425328089676,
    "disabled": false,
    "disable_reason": ""
  }
}