{
  "Morning_Trap_Reversal": {
    "trades": 9,
    "wins": 3,
    "losses": 6,
    "winrate": 33.33333333333333,
    "total_r": -2.0089489960000018,
    "profit_factor": 0.20062372414078705,
    "disabled": false,
    "disable_reason": ""
  },
  "Liquidity_Sweep_Scalp": {
    "trades": 13,
    "wins": 0,
    "losses": 13,
    "winrate": 0.0,
    "total_r": -2.8646005955199825,
    "profit_factor": 0.0,
    "disabled": false,
    "disable_reason": ""
  },
  "Engulfing_Bar_V056": {
    "trades": 10,
    "wins": 4,
    "losses": 6,
    "winrate": 40.0,
    "total_r": -1.573104387999988,
    "profit_factor": 0.09363678564895282,
    "disabled": false,
    "disable_reason": ""
  },
  "BOS_Scalp_1m": {
    "trades": 15,
    "wins": 4,
    "losses": 11,
    "winrate": 26.666666666666668,
    "total_r": -2.6204063510400384,
    "profit_factor": 0.11536590709180225,
    "disabled": false,
    "disable_reason": ""
  }
}