{
  "HTF_Bias_15m_BOS_v2": {
    "trades": 10,
    "wins": 3,
    "losses": 7,
    "winrate": 30.0,
    "total_r": -1.5114804360000125,
    "profit_factor": 0.07105269141779337,
    "disabled": false,
    "disable_reason": ""
  }
}