{
  "News_Fade": {
    "trades": 12,
    "wins": 11,
    "losses": 1,
    "winrate": 91.66666666666666,
    "total_r": 2.0118234504999912,
    "profit_factor": 5.310225617167057,
    "disabled": false,
    "disable_reason": ""
  },
  "Liquidity_Sweep_Scalp": {
    "trades": 275,
    "wins": 97,
    "losses": 178,
    "winrate": 35.27272727272727,
    "total_r": -12.902160014499968,
    "profit_factor": 0.4832816689607439,
    "disabled": false,
    "disable_reason": ""
  },
  "Morning_Trap_Reversal": {
    "trades": 101,
    "wins": 22,
    "losses": 79,
    "winrate": 21.782178217821784,
    "total_r": 0.751722311499817,
    "profit_factor": 1.064630759925989,
    "disabled": false,
    "disable_reason": ""
  },
  "Session_Open_Scalp": {
    "trades": 3,
    "wins": 0,
    "losses": 3,
    "winrate": 0.0,
    "total_r": -0.223,
    "profit_factor": 0.0,
    "disabled": false,
    "disable_reason": ""
  }
}