{
  "run_total_r": -10.361614252500159,
  "run_peak_r": 0.21067527749998052,
  "max_drawdown_r": 11.808460949999972,
  "current_drawdown_r": 10.57228953000014,
  "final_balance": 39638.385747499815,
  "initial_capital": 50000.0,
  "trading_mode": "AGGRESSIVE",
  "run_stopped": false,
  "disabled_playbooks": [],
  "stop_run_triggered": false,
  "stop_run_time": null,
  "stop_run_reason": ""
}