{
  "NY_Open_Reversal": {
    "trades": 112,
    "wins": 28,
    "losses": 84,
    "winrate": 25.0,
    "total_r": -4.5320135990000585,
    "profit_factor": 0.5042634352065783,
    "disabled": false,
    "disable_reason": ""
  },
  "Liquidity_Sweep_Scalp": {
    "trades": 186,
    "wins": 56,
    "losses": 130,
    "winrate": 30.107526881720432,
    "total_r": -9.101711653249902,
    "profit_factor": 0.2985261631403269,
    "disabled": false,
    "disable_reason": ""
  },
  "Morning_Trap_Reversal": {
    "trades": 123,
    "wins": 11,
    "losses": 112,
    "winrate": 8.94308943089431,
    "total_r": -10.368136239499929,
    "profit_factor": 0.2662057665574721,
    "disabled": false,
    "disable_reason": ""
  },
  "Session_Open_Scalp": {
    "trades": 48,
    "wins": 15,
    "losses": 33,
    "winrate": 31.25,
    "total_r": -2.545301783999986,
    "profit_factor": 0.3770651817220222,
    "disabled": false,
    "disable_reason": ""
  },
  "FVG_Fill_Scalp": {
    "trades": 104,
    "wins": 29,
    "losses": 75,
    "winrate": 27.884615384615387,
    "total_r": -2.4496105790000215,
    "profit_factor": 0.391587873350055,
    "disabled": false,
    "disable_reason": ""
  },
  "IFVG_5m_Sweep": {
    "trades": 111,
    "wins": 11,
    "losses": 100,
    "winrate": 9.90990990990991,
    "total_r": -5.7291807114999616,
    "profit_factor": 0.38259270185951844,
    "disabled": false,
    "disable_reason": ""
  },
  "News_Fade": {
    "trades": 8,
    "wins": 1,
    "losses": 7,
    "winrate": 12.5,
    "total_r": -0.33158439999999323,
    "profit_factor": 0.12031948018942239,
    "disabled": false,
    "disable_reason": ""
  }
}