{
  "Liquidity_Sweep_Scalp": {
    "trades": 96,
    "wins": 32,
    "losses": 64,
    "winrate": 33.33333333333333,
    "total_r": -4.880132949999765,
    "profit_factor": 0.3132999806498145,
    "disabled": false,
    "disable_reason": ""
  },
  "NY_Open_Reversal": {
    "trades": 62,
    "wins": 24,
    "losses": 38,
    "winrate": 38.70967741935484,
    "total_r": -1.9957206149999271,
    "profit_factor": 0.6543893921245829,
    "disabled": false,
    "disable_reason": ""
  },
  "News_Fade": {
    "trades": 23,
    "wins": 7,
    "losses": 16,
    "winrate": 30.434782608695656,
    "total_r": -1.0000398444999385,
    "profit_factor": 0.30637874926629854,
    "disabled": false,
    "disable_reason": ""
  },
  "FVG_Fill_Scalp": {
    "trades": 81,
    "wins": 33,
    "losses": 48,
    "winrate": 40.74074074074074,
    "total_r": -2.047935277499967,
    "profit_factor": 0.65788228854079,
    "disabled": false,
    "disable_reason": ""
  },
  "Morning_Trap_Reversal": {
    "trades": 58,
    "wins": 15,
    "losses": 43,
    "winrate": 25.862068965517242,
    "total_r": -0.5737073845000025,
    "profit_factor": 0.9429979730846845,
    "disabled": false,
    "disable_reason": ""
  },
  "IFVG_5m_Sweep": {
    "trades": 58,
    "wins": 9,
    "losses": 49,
    "winrate": 15.517241379310345,
    "total_r": -3.88990695849997,
    "profit_factor": 0.5596762380071949,
    "disabled": false,
    "disable_reason": ""
  },
  "Session_Open_Scalp": {
    "trades": 52,
    "wins": 23,
    "losses": 29,
    "winrate": 44.230769230769226,
    "total_r": -0.09286197749995534,
    "profit_factor": 0.9840524628486985,
    "disabled": false,
    "disable_reason": ""
  },
  "HTF_Bias_15m_BOS": {
    "trades": 26,
    "wins": 5,
    "losses": 21,
    "winrate": 19.230769230769234,
    "total_r": -1.2869767274999757,
    "profit_factor": 0.6792379156467733,
    "disabled": false,
    "disable_reason": ""
  }
}