{
  "run_total_r": -15.76728173499949,
  "run_peak_r": 0.7510626000000128,
  "max_drawdown_r": 16.5183443349995,
  "current_drawdown_r": 16.5183443349995,
  "final_balance": 34232.718265000425,
  "initial_capital": 50000.0,
  "trading_mode": "AGGRESSIVE",
  "run_stopped": false,
  "disabled_playbooks": [],
  "stop_run_triggered": false,
  "stop_run_time": null,
  "stop_run_reason": ""
}