{
  "run_id": "edge_filter_validation_20260409b",
  "n_setups": 20,
  "components": {
    "liquidity_sweep_score": {
      "min": 0.0,
      "median": 0.0,
      "p90": 0.0
    },
    "bos_strength_score": {
      "min": 0.0,
      "median": 0.19816204041515484,
      "p90": 0.6677879239376436
    },
    "fvg_quality_score": {
      "min": 0.20287117579351274,
      "median": 0.3964699842449596,
      "p90": 0.693495272941599
    },
    "pattern_quality_score": {
      "min": 1.0,
      "median": 1.0,
      "p90": 1.0
    }
  },
  "flags": {
    "sweep_detected_pct": 0.0,
    "bos_detected_pct": 55.0,
    "fvg_detected_pct": 100.0,
    "pattern_detected_pct": 100.0
  },
  "quality_distribution": {
    "A+": 16,
    "A": 4
  }
}