{
  "run_id": "ref_validation_20260409",
  "n_setups": 20,
  "components": {
    "liquidity_sweep_score": {
      "min": 0.0,
      "median": 0.0,
      "p90": 0.0
    },
    "bos_strength_score": {
      "min": 0.0,
      "median": 0.519374242290572,
      "p90": 0.8088456121776947
    },
    "fvg_quality_score": {
      "min": 0.6457534581603888,
      "median": 0.6646804641163861,
      "p90": 0.6755743947782143
    },
    "pattern_quality_score": {
      "min": 1.0,
      "median": 1.0,
      "p90": 1.0
    }
  },
  "flags": {
    "sweep_detected_pct": 0.0,
    "bos_detected_pct": 55.0,
    "fvg_detected_pct": 100.0,
    "pattern_detected_pct": 100.0
  },
  "quality_distribution": {
    "A+": 20
  }
}