{
  "NY_Open_Reversal": {
    "trades": 41,
    "wins": 13,
    "losses": 28,
    "winrate": 31.70731707317073,
    "total_r": -0.0007226864999435589,
    "profit_factor": 0.9999150035768812,
    "disabled": true,
    "disable_reason": "PF=0.24 < 0.85 (after 30 trades)"
  }
}