{
  "NY_Open_Reversal": {
    "trades": 44,
    "wins": 20,
    "losses": 24,
    "winrate": 45.45454545454545,
    "total_r": 6.131324599499697,
    "profit_factor": 1.8311510105915987,
    "disabled": true,
    "disable_reason": "PF=0.67 < 0.85 (after 30 trades)"
  }
}