{
  "run_total_r": -0.23327679999999,
  "run_peak_r": 0.04609030000000875,
  "max_drawdown_r": 0.27936709999999876,
  "current_drawdown_r": 0.27936709999999876,
  "final_balance": 49766.723200000015,
  "initial_capital": 50000.0,
  "trading_mode": "AGGRESSIVE",
  "run_stopped": false,
  "disabled_playbooks": [],
  "stop_run_triggered": false,
  "stop_run_time": null,
  "stop_run_reason": ""
}