{
  "Morning_Trap_Reversal": {
    "trades": 10,
    "wins": 4,
    "losses": 6,
    "winrate": 40.0,
    "total_r": -0.060225109500014314,
    "profit_factor": 0.9445463128947174,
    "disabled": false,
    "disable_reason": ""
  },
  "BOS_Scalp_1m": {
    "trades": 15,
    "wins": 6,
    "losses": 9,
    "winrate": 40.0,
    "total_r": -2.325104554800015,
    "profit_factor": 0.19788464827548716,
    "disabled": false,
    "disable_reason": ""
  },
  "Engulfing_Bar_V056": {
    "trades": 10,
    "wins": 4,
    "losses": 6,
    "winrate": 40.0,
    "total_r": -1.106879277000033,
    "profit_factor": 0.30623771816339895,
    "disabled": false,
    "disable_reason": ""
  },
  "Liquidity_Sweep_Scalp": {
    "trades": 15,
    "wins": 7,
    "losses": 8,
    "winrate": 46.666666666666664,
    "total_r": -0.3038529965799962,
    "profit_factor": 0.54513515690866,
    "disabled": false,
    "disable_reason": ""
  }
}