{
  "Aplus_03_IFVG_Flip_5m_LAB": {
    "trades": 14,
    "wins": 7,
    "losses": 7,
    "winrate": 50.0,
    "total_r": 0.08329821999998076,
    "profit_factor": 1.1092962960464825,
    "disabled": false,
    "disable_reason": ""
  },
  "Aplus_03_IFVG_Flip_5m_SAFE": {
    "trades": 3,
    "wins": 1,
    "losses": 2,
    "winrate": 33.33333333333333,
    "total_r": 0.004305810000004129,
    "profit_factor": 1.017250551763591,
    "disabled": false,
    "disable_reason": ""
  }
}