{
  "run_total_r": 0.08760402999998483,
  "run_peak_r": 0.34324481999998696,
  "max_drawdown_r": 0.4606955399999934,
  "current_drawdown_r": 0.2556407900000021,
  "final_balance": 50087.604029999995,
  "initial_capital": 50000.0,
  "trading_mode": "AGGRESSIVE",
  "run_stopped": false,
  "disabled_playbooks": [],
  "stop_run_triggered": false,
  "stop_run_time": null,
  "stop_run_reason": ""
}