{
  "run_total_r": -1.6643122023599437,
  "run_peak_r": 0.11987895264002835,
  "max_drawdown_r": 2.5734715800000187,
  "current_drawdown_r": 1.784191154999972,
  "final_balance": 48335.68779764005,
  "initial_capital": 50000.0,
  "trading_mode": "AGGRESSIVE",
  "run_stopped": false,
  "disabled_playbooks": [],
  "stop_run_triggered": false,
  "stop_run_time": null,
  "stop_run_reason": ""
}