{
  "run_total_r": 0.3387483750000156,
  "run_peak_r": 0.6273283750000163,
  "max_drawdown_r": 0.28858000000000067,
  "current_drawdown_r": 0.28858000000000067,
  "final_balance": 50338.74837500002,
  "initial_capital": 50000.0,
  "trading_mode": "AGGRESSIVE",
  "run_stopped": false,
  "disabled_playbooks": [],
  "stop_run_triggered": false,
  "stop_run_time": null,
  "stop_run_reason": ""
}