{
  "FVG_Fill_Scalp": {
    "trades": 609,
    "wins": 194,
    "losses": 415,
    "winrate": 31.85550082101806,
    "total_r": -24.80126408524995,
    "profit_factor": 0.3708267412549879,
    "disabled": false,
    "disable_reason": ""
  },
  "Session_Open_Scalp": {
    "trades": 47,
    "wins": 10,
    "losses": 37,
    "winrate": 21.27659574468085,
    "total_r": -2.5159924919999894,
    "profit_factor": 0.40569958339348067,
    "disabled": false,
    "disable_reason": ""
  },
  "NY_Open_Reversal": {
    "trades": 392,
    "wins": 118,
    "losses": 274,
    "winrate": 30.102040816326532,
    "total_r": -0.3987438125004733,
    "profit_factor": 0.9881856693157386,
    "disabled": false,
    "disable_reason": ""
  }
}