{
  "run_total_r": -27.716000389750455,
  "run_peak_r": 0.5781413749999834,
  "max_drawdown_r": 31.721501956500056,
  "current_drawdown_r": 28.29414176475044,
  "final_balance": 22283.999610249568,
  "initial_capital": 50000.0,
  "trading_mode": "AGGRESSIVE",
  "run_stopped": false,
  "disabled_playbooks": [],
  "stop_run_triggered": false,
  "stop_run_time": null,
  "stop_run_reason": ""
}