{
  "NY_Open_Reversal": {
    "trades": 452,
    "wins": 80,
    "losses": 372,
    "winrate": 17.699115044247787,
    "total_r": -9.802651696039778,
    "profit_factor": 0.4985112033665844,
    "disabled": false,
    "disable_reason": ""
  },
  "Session_Open_Scalp": {
    "trades": 121,
    "wins": 28,
    "losses": 93,
    "winrate": 23.140495867768596,
    "total_r": -0.6758333000000115,
    "profit_factor": 0.5263828808812087,
    "disabled": false,
    "disable_reason": ""
  },
  "FVG_Fill_Scalp": {
    "trades": 2479,
    "wins": 194,
    "losses": 2285,
    "winrate": 7.825736183945139,
    "total_r": -39.65901999699999,
    "profit_factor": 0.06482627853938427,
    "disabled": false,
    "disable_reason": ""
  },
  "News_Fade": {
    "trades": 87,
    "wins": 6,
    "losses": 81,
    "winrate": 6.896551724137931,
    "total_r": -0.6612831999999995,
    "profit_factor": 0.05082854022820519,
    "disabled": false,
    "disable_reason": ""
  }
}