{
  "run_total_r": -50.798788193039705,
  "run_peak_r": 0.016030000000002632,
  "max_drawdown_r": 50.988916156039714,
  "current_drawdown_r": 50.814818193039706,
  "final_balance": -798.7881930397157,
  "initial_capital": 50000.0,
  "trading_mode": "AGGRESSIVE",
  "run_stopped": false,
  "disabled_playbooks": [],
  "stop_run_triggered": false,
  "stop_run_time": null,
  "stop_run_reason": ""
}