{
  "Liquidity_Sweep_Scalp": {
    "trades": 12,
    "wins": 2,
    "losses": 10,
    "winrate": 16.666666666666664,
    "total_r": -0.42114874199999186,
    "profit_factor": 0.4106808952964411,
    "disabled": false,
    "disable_reason": ""
  },
  "Engulfing_Bar_V056": {
    "trades": 8,
    "wins": 3,
    "losses": 5,
    "winrate": 37.5,
    "total_r": -1.0224487587999522,
    "profit_factor": 0.38813854486237653,
    "disabled": false,
    "disable_reason": ""
  },
  "BOS_Scalp_1m": {
    "trades": 12,
    "wins": 3,
    "losses": 9,
    "winrate": 25.0,
    "total_r": -2.8101770676000664,
    "profit_factor": 0.2600767271634201,
    "disabled": false,
    "disable_reason": ""
  },
  "Morning_Trap_Reversal": {
    "trades": 6,
    "wins": 3,
    "losses": 3,
    "winrate": 50.0,
    "total_r": -0.6336174986599957,
    "profit_factor": 0.10267576952254785,
    "disabled": false,
    "disable_reason": ""
  }
}