{
  "Liquidity_Sweep_Scalp": {
    "trades": 66,
    "wins": 16,
    "losses": 50,
    "winrate": 24.242424242424242,
    "total_r": -2.3945165999998714,
    "profit_factor": 0.3648890109797917,
    "disabled": false,
    "disable_reason": ""
  },
  "News_Fade": {
    "trades": 14,
    "wins": 5,
    "losses": 9,
    "winrate": 35.714285714285715,
    "total_r": -0.44608329999998947,
    "profit_factor": 0.37861886918609283,
    "disabled": false,
    "disable_reason": ""
  },
  "Morning_Trap_Reversal": {
    "trades": 44,
    "wins": 4,
    "losses": 40,
    "winrate": 9.090909090909092,
    "total_r": -4.825632719999936,
    "profit_factor": 0.3248627878543344,
    "disabled": false,
    "disable_reason": ""
  },
  "FVG_Fill_Scalp": {
    "trades": 53,
    "wins": 23,
    "losses": 30,
    "winrate": 43.39622641509434,
    "total_r": -3.376448699999936,
    "profit_factor": 0.23543695866264,
    "disabled": false,
    "disable_reason": ""
  },
  "Session_Open_Scalp": {
    "trades": 27,
    "wins": 11,
    "losses": 16,
    "winrate": 40.74074074074074,
    "total_r": -2.1510492499999163,
    "profit_factor": 0.5151523098592331,
    "disabled": false,
    "disable_reason": ""
  },
  "HTF_Bias_15m_BOS": {
    "trades": 7,
    "wins": 1,
    "losses": 6,
    "winrate": 14.285714285714285,
    "total_r": -0.47892710000000294,
    "profit_factor": 0.5148346438506264,
    "disabled": false,
    "disable_reason": ""
  },
  "NY_Open_Reversal": {
    "trades": 12,
    "wins": 1,
    "losses": 11,
    "winrate": 8.333333333333332,
    "total_r": -2.2185957799999496,
    "profit_factor": 0.07063069359693343,
    "disabled": false,
    "disable_reason": ""
  },
  "IFVG_5m_Sweep": {
    "trades": 12,
    "wins": 3,
    "losses": 9,
    "winrate": 25.0,
    "total_r": -0.3151188499999816,
    "profit_factor": 0.8320211268639947,
    "disabled": false,
    "disable_reason": ""
  }
}