{
  "Engulfing_Bar_V056": {
    "trades": 7,
    "wins": 3,
    "losses": 4,
    "winrate": 42.857142857142854,
    "total_r": -0.7377161400000047,
    "profit_factor": 0.4230603030580625,
    "disabled": false,
    "disable_reason": ""
  },
  "Liquidity_Sweep_Scalp": {
    "trades": 10,
    "wins": 3,
    "losses": 7,
    "winrate": 30.0,
    "total_r": 0.293743804000018,
    "profit_factor": 1.9692559389684667,
    "disabled": false,
    "disable_reason": ""
  },
  "Morning_Trap_Reversal": {
    "trades": 8,
    "wins": 3,
    "losses": 5,
    "winrate": 37.5,
    "total_r": -0.3708163717000087,
    "profit_factor": 0.6842488326422962,
    "disabled": false,
    "disable_reason": ""
  },
  "Aplus_03_IFVG_Flip_5m": {
    "trades": 2,
    "wins": 1,
    "losses": 1,
    "winrate": 50.0,
    "total_r": -0.16141179999999491,
    "profit_factor": 0.05641236091283668,
    "disabled": false,
    "disable_reason": ""
  }
}