{
  "run_total_r": -0.9762005076999906,
  "run_peak_r": 0.6786629299999629,
  "max_drawdown_r": 1.8681255656999425,
  "current_drawdown_r": 1.6548634376999534,
  "final_balance": 49023.79949230001,
  "initial_capital": 50000.0,
  "trading_mode": "AGGRESSIVE",
  "run_stopped": false,
  "disabled_playbooks": [],
  "stop_run_triggered": false,
  "stop_run_time": null,
  "stop_run_reason": ""
}