{
  "Engulfing_Bar_V056": {
    "trades": 10,
    "wins": 3,
    "losses": 7,
    "winrate": 30.0,
    "total_r": -1.0260781981000076,
    "profit_factor": 0.3052744437446655,
    "disabled": false,
    "disable_reason": ""
  }
}