{
  "BOS_Scalp_1m": {
    "trades": 12,
    "wins": 3,
    "losses": 9,
    "winrate": 25.0,
    "total_r": -3.0466607340000724,
    "profit_factor": 0.20224717468857709,
    "disabled": false,
    "disable_reason": ""
  },
  "Liquidity_Sweep_Scalp": {
    "trades": 12,
    "wins": 2,
    "losses": 10,
    "winrate": 16.666666666666664,
    "total_r": -0.4716258190000031,
    "profit_factor": 0.3215817739290224,
    "disabled": false,
    "disable_reason": ""
  },
  "Engulfing_Bar_V056": {
    "trades": 8,
    "wins": 4,
    "losses": 4,
    "winrate": 50.0,
    "total_r": -0.8958465639999542,
    "profit_factor": 0.44810114350211827,
    "disabled": false,
    "disable_reason": ""
  },
  "Morning_Trap_Reversal": {
    "trades": 8,
    "wins": 7,
    "losses": 1,
    "winrate": 87.5,
    "total_r": 0.46126783164498986,
    "profit_factor": 1.727754236400622,
    "disabled": false,
    "disable_reason": ""
  }
}