{
  "run_total_r": -3.95286528535504,
  "run_peak_r": 1.238002783999987,
  "max_drawdown_r": 5.840576081920027,
  "current_drawdown_r": 5.190868069355027,
  "final_balance": 46047.13471464494,
  "initial_capital": 50000.0,
  "trading_mode": "AGGRESSIVE",
  "run_stopped": false,
  "disabled_playbooks": [],
  "stop_run_triggered": false,
  "stop_run_time": null,
  "stop_run_reason": ""
}