{
  "Liquidity_Sweep_Scalp": {
    "trades": 316,
    "wins": 59,
    "losses": 257,
    "winrate": 18.670886075949365,
    "total_r": -16.242764362749995,
    "profit_factor": 0.2372609572946918,
    "disabled": false,
    "disable_reason": ""
  },
  "Session_Open_Scalp": {
    "trades": 14,
    "wins": 0,
    "losses": 14,
    "winrate": 0.0,
    "total_r": -2.1153709999999823,
    "profit_factor": 0.0,
    "disabled": false,
    "disable_reason": ""
  },
  "Morning_Trap_Reversal": {
    "trades": 89,
    "wins": 33,
    "losses": 56,
    "winrate": 37.07865168539326,
    "total_r": 12.84391578949975,
    "profit_factor": 2.747061982585548,
    "disabled": false,
    "disable_reason": ""
  },
  "News_Fade": {
    "trades": 7,
    "wins": 6,
    "losses": 1,
    "winrate": 85.71428571428571,
    "total_r": 1.4358375999999604,
    "profit_factor": 30.525757762695875,
    "disabled": false,
    "disable_reason": ""
  }
}