{
  "run_total_r": -4.078381973250243,
  "run_peak_r": 3.975214412499708,
  "max_drawdown_r": 11.616661231999947,
  "current_drawdown_r": 8.053596385749952,
  "final_balance": 45921.61802674968,
  "initial_capital": 50000.0,
  "trading_mode": "AGGRESSIVE",
  "run_stopped": false,
  "disabled_playbooks": [],
  "stop_run_triggered": false,
  "stop_run_time": null,
  "stop_run_reason": ""
}