{
  "run_total_r": -4.657541188770069,
  "run_peak_r": 2.425479168980013,
  "max_drawdown_r": 7.083020357750081,
  "current_drawdown_r": 7.083020357750081,
  "final_balance": 45342.45881122992,
  "initial_capital": 50000.0,
  "trading_mode": "AGGRESSIVE",
  "run_stopped": false,
  "disabled_playbooks": [],
  "stop_run_triggered": false,
  "stop_run_time": null,
  "stop_run_reason": ""
}