{
  "HTF_Bias_15m_BOS": {
    "trades": 5,
    "wins": 1,
    "losses": 4,
    "winrate": 20.0,
    "total_r": -0.7086016232500071,
    "profit_factor": 0.22593267375322593,
    "disabled": false,
    "disable_reason": ""
  }
}