{
  "run_total_r": -3.9063625561999986,
  "run_peak_r": 1.5562411199999897,
  "max_drawdown_r": 6.216964822499993,
  "current_drawdown_r": 5.462603676199988,
  "final_balance": 46093.63744380001,
  "initial_capital": 50000.0,
  "trading_mode": "AGGRESSIVE",
  "run_stopped": false,
  "disabled_playbooks": [],
  "stop_run_triggered": false,
  "stop_run_time": null,
  "stop_run_reason": ""
}