{
  "Morning_Trap_Reversal": {
    "trades": 10,
    "wins": 1,
    "losses": 9,
    "winrate": 10.0,
    "total_r": -0.4251937900000316,
    "profit_factor": 0.7529538927432289,
    "disabled": false,
    "disable_reason": ""
  },
  "BOS_Scalp_1m": {
    "trades": 15,
    "wins": 6,
    "losses": 9,
    "winrate": 40.0,
    "total_r": -1.9802976293999974,
    "profit_factor": 0.3611333867372478,
    "disabled": false,
    "disable_reason": ""
  },
  "Engulfing_Bar_V056": {
    "trades": 10,
    "wins": 4,
    "losses": 6,
    "winrate": 40.0,
    "total_r": -0.5604520450000039,
    "profit_factor": 0.651522158033043,
    "disabled": false,
    "disable_reason": ""
  },
  "Liquidity_Sweep_Scalp": {
    "trades": 15,
    "wins": 8,
    "losses": 7,
    "winrate": 53.333333333333336,
    "total_r": 0.17732830520000534,
    "profit_factor": 1.2618887913834222,
    "disabled": false,
    "disable_reason": ""
  }
}