{
  "run_total_r": -2.788615159200027,
  "run_peak_r": 0.21235509499993444,
  "max_drawdown_r": 3.1766902541999595,
  "current_drawdown_r": 3.000970254199961,
  "final_balance": 47211.384840799976,
  "initial_capital": 50000.0,
  "trading_mode": "AGGRESSIVE",
  "run_stopped": false,
  "disabled_playbooks": [],
  "stop_run_triggered": false,
  "stop_run_time": null,
  "stop_run_reason": ""
}