{
  "Liquidity_Sweep_Scalp": {
    "trades": 12,
    "wins": 4,
    "losses": 8,
    "winrate": 33.33333333333333,
    "total_r": -0.4612969199999972,
    "profit_factor": 0.48942051320632185,
    "disabled": false,
    "disable_reason": ""
  },
  "Engulfing_Bar_V056": {
    "trades": 8,
    "wins": 4,
    "losses": 4,
    "winrate": 50.0,
    "total_r": 0.5522997700000405,
    "profit_factor": 1.7978057026101264,
    "disabled": false,
    "disable_reason": ""
  },
  "BOS_Scalp_1m": {
    "trades": 12,
    "wins": 4,
    "losses": 8,
    "winrate": 33.33333333333333,
    "total_r": -1.6413596372000336,
    "profit_factor": 0.39164080385127603,
    "disabled": false,
    "disable_reason": ""
  },
  "Morning_Trap_Reversal": {
    "trades": 8,
    "wins": 3,
    "losses": 5,
    "winrate": 37.5,
    "total_r": -0.16332863889999433,
    "profit_factor": 0.8632716565516343,
    "disabled": false,
    "disable_reason": ""
  }
}