{
  "BOS_Scalp_1m": {
    "trades": 15,
    "wins": 8,
    "losses": 7,
    "winrate": 53.333333333333336,
    "total_r": -0.9474737720400223,
    "profit_factor": 0.650993223596294,
    "disabled": false,
    "disable_reason": ""
  },
  "Engulfing_Bar_V056": {
    "trades": 10,
    "wins": 7,
    "losses": 3,
    "winrate": 70.0,
    "total_r": 1.7687241649999828,
    "profit_factor": 8.634897618466562,
    "disabled": false,
    "disable_reason": ""
  },
  "Liquidity_Sweep_Scalp": {
    "trades": 13,
    "wins": 8,
    "losses": 5,
    "winrate": 61.53846153846154,
    "total_r": 1.212044662000008,
    "profit_factor": 2.2986629760853354,
    "disabled": false,
    "disable_reason": ""
  },
  "Morning_Trap_Reversal": {
    "trades": 8,
    "wins": 4,
    "losses": 4,
    "winrate": 50.0,
    "total_r": 2.3040475282999653,
    "profit_factor": 2.2808477375490677,
    "disabled": false,
    "disable_reason": ""
  }
}