{
  "run_total_r": 4.337342583259933,
  "run_peak_r": 4.736870463259936,
  "max_drawdown_r": 3.900843799999998,
  "current_drawdown_r": 0.3995278800000026,
  "final_balance": 54337.342583259946,
  "initial_capital": 50000.0,
  "trading_mode": "AGGRESSIVE",
  "run_stopped": false,
  "disabled_playbooks": [],
  "stop_run_triggered": false,
  "stop_run_time": null,
  "stop_run_reason": ""
}