{
  "NY_Open_Reversal": {
    "trades": 1121,
    "wins": 100,
    "losses": 1021,
    "winrate": 8.920606601248885,
    "total_r": -45.60431801749964,
    "profit_factor": 0.38885463987606345,
    "disabled": false,
    "disable_reason": ""
  }
}