{
  "run_total_r": -45.60431801749964,
  "run_peak_r": 0.06777000000000138,
  "max_drawdown_r": 48.37118236349964,
  "current_drawdown_r": 45.67208801749964,
  "final_balance": 4395.68198250043,
  "initial_capital": 50000.0,
  "trading_mode": "AGGRESSIVE",
  "run_stopped": false,
  "disabled_playbooks": [],
  "stop_run_triggered": false,
  "stop_run_time": null,
  "stop_run_reason": ""
}