{
  "reference_phase_b_nov2025_tp1_1r": {
    "trades": 27,
    "winrate_pct": 59.25925925925925,
    "sum_r": 1.4801414242499547,
    "expectancy_r": 0.05482005274999832,
    "exit_reason_counts": {
      "session_end": 17,
      "TP1": 9,
      "SL": 1
    },
    "pct_session_end": 62.96296296296296,
    "pct_tp": 33.33333333333333,
    "pct_sl": 3.7037037037037033,
    "median_duration_min": 36.0,
    "median_r_tp1_exits": 0.23258109999998916,
    "median_r_tp1_over_tp1_rr": 0.23258109999998916,
    "tp1_rr": 1.0,
    "variant_dir": "phase_b_nf_tp1rr_1p00"
  },
  "windows": [
    {
      "campaign": "PHASE_B_REFERENCE",
      "label": "nov2025_agg_4w",
      "month": "2025-11",
      "note": "Agr\u00e9gat 4 semaines sweep tp1=1.0 (phase_b_nf_tp1rr_1p00)",
      "trades": 27,
      "winrate_pct": 59.25925925925925,
      "sum_r": 1.4801414242499547,
      "expectancy_r": 0.05482005274999832,
      "pct_session_end": 62.96296296296296,
      "pct_tp": 33.33333333333333,
      "pct_sl": 3.7037037037037033,
      "median_duration_min": 36.0,
      "exit_reason_counts": {
        "session_end": 17,
        "TP1": 9,
        "SL": 1
      },
      "funnel_NY": null,
      "funnel_LSS": null
    },
    {
      "campaign": "nf1r_confirm_sep2025",
      "label": "202509_w01",
      "month": "2025-09",
      "funnel_NY": {
        "matches": 1,
        "setups_created": 1,
        "after_risk": 1,
        "trades": 0
      },
      "funnel_LSS": {
        "matches": 349,
        "setups_created": 238,
        "after_risk": 238,
        "trades": 200
      },
      "trades": 7,
      "winrate_pct": 0.0,
      "sum_r": -0.7041799999999834,
      "expectancy_r": -0.10059714285714048,
      "pct_session_end": 100.0,
      "pct_tp": 0.0,
      "pct_sl": 0.0,
      "median_duration_min": 6.0,
      "exit_reason_counts": {
        "session_end": 7
      }
    }
  ]
}