{
  "nf_by_tp1_rr": [
    {
      "trades": 27,
      "winrate_pct": 59.25925925925925,
      "sum_r": 1.4801414242499547,
      "expectancy_r": 0.05482005274999832,
      "exit_reason_counts": {
        "session_end": 17,
        "TP1": 9,
        "SL": 1
      },
      "pct_session_end": 62.96296296296296,
      "pct_tp": 33.33333333333333,
      "pct_sl": 3.7037037037037033,
      "median_duration_min": 36.0,
      "median_r_tp1_exits": 0.23258109999998916,
      "median_r_tp1_over_tp1_rr": 0.23258109999998916,
      "tp1_rr": 1.0,
      "variant_dir": "phase_b_nf_tp1rr_1p00"
    },
    {
      "trades": 27,
      "winrate_pct": 59.25925925925925,
      "sum_r": 1.2645685996249665,
      "expectancy_r": 0.04683587406018394,
      "exit_reason_counts": {
        "session_end": 22,
        "TP1": 4,
        "SL": 1
      },
      "pct_session_end": 81.48148148148148,
      "pct_tp": 14.814814814814813,
      "pct_sl": 3.7037037037037033,
      "median_duration_min": 36.0,
      "median_r_tp1_exits": 0.30669240593748776,
      "median_r_tp1_over_tp1_rr": 0.2453539247499902,
      "tp1_rr": 1.25,
      "variant_dir": "phase_b_nf_tp1rr_1p25"
    },
    {
      "trades": 27,
      "winrate_pct": 59.25925925925925,
      "sum_r": 1.4914370744999668,
      "expectancy_r": 0.05523841016666543,
      "exit_reason_counts": {
        "session_end": 23,
        "TP1": 3,
        "SL": 1
      },
      "pct_session_end": 85.18518518518519,
      "pct_tp": 11.11111111111111,
      "pct_sl": 3.7037037037037033,
      "median_duration_min": 38.0,
      "median_r_tp1_exits": 0.3831956499999799,
      "median_r_tp1_over_tp1_rr": 0.25546376666665327,
      "tp1_rr": 1.5,
      "variant_dir": "phase_b_nf_tp1rr_1p50"
    },
    {
      "trades": 27,
      "winrate_pct": 59.25925925925925,
      "sum_r": 1.4419751252500077,
      "expectancy_r": 0.053406486120370654,
      "exit_reason_counts": {
        "session_end": 26,
        "SL": 1
      },
      "pct_session_end": 96.29629629629629,
      "pct_tp": 0.0,
      "pct_sl": 3.7037037037037033,
      "median_duration_min": 41.0,
      "median_r_tp1_exits": null,
      "median_r_tp1_over_tp1_rr": null,
      "tp1_rr": 2.0,
      "variant_dir": "phase_b_nf_tp1rr_2p00"
    }
  ],
  "ny_verification": {
    "canonical_playbooks_path": "/home/dexter/dexterio1-main/backend/knowledge/playbooks.yml",
    "cross_variant_ny_funnel": {
      "202511_w01": {
        "ny_funnel_identical_across_tp1_variants": true,
        "per_variant": [
          {
            "tp1_rr": 1.0,
            "funnel_slice": {
              "NY_Open_Reversal": {
                "matches": 203,
                "setups_created": 159,
                "after_risk": 159,
                "trades": 17
              },
              "Liquidity_Sweep_Scalp": {
                "matches": 397,
                "setups_created": 292,
                "after_risk": 292,
                "trades": 199
              }
            }
          },
          {
            "tp1_rr": 1.25,
            "funnel_slice": {
              "NY_Open_Reversal": {
                "matches": 203,
                "setups_created": 159,
                "after_risk": 159,
                "trades": 17
              },
              "Liquidity_Sweep_Scalp": {
                "matches": 397,
                "setups_created": 292,
                "after_risk": 292,
                "trades": 199
              }
            }
          },
          {
            "tp1_rr": 1.5,
            "funnel_slice": {
              "NY_Open_Reversal": {
                "matches": 203,
                "setups_created": 159,
                "after_risk": 159,
                "trades": 17
              },
              "Liquidity_Sweep_Scalp": {
                "matches": 397,
                "setups_created": 292,
                "after_risk": 292,
                "trades": 199
              }
            }
          },
          {
            "tp1_rr": 2.0,
            "funnel_slice": {
              "NY_Open_Reversal": {
                "matches": 203,
                "setups_created": 159,
                "after_risk": 159,
                "trades": 17
              },
              "Liquidity_Sweep_Scalp": {
                "matches": 397,
                "setups_created": 292,
                "after_risk": 292,
                "trades": 199
              }
            }
          }
        ]
      },
      "202511_w02": {
        "ny_funnel_identical_across_tp1_variants": true,
        "per_variant": [
          {
            "tp1_rr": 1.0,
            "funnel_slice": {
              "NY_Open_Reversal": {
                "matches": 102,
                "setups_created": 73,
                "after_risk": 73,
                "trades": 18
              },
              "Liquidity_Sweep_Scalp": {
                "matches": 393,
                "setups_created": 271,
                "after_risk": 271,
                "trades": 219
              }
            }
          },
          {
            "tp1_rr": 1.25,
            "funnel_slice": {
              "NY_Open_Reversal": {
                "matches": 102,
                "setups_created": 73,
                "after_risk": 73,
                "trades": 18
              },
              "Liquidity_Sweep_Scalp": {
                "matches": 393,
                "setups_created": 271,
                "after_risk": 271,
                "trades": 219
              }
            }
          },
          {
            "tp1_rr": 1.5,
            "funnel_slice": {
              "NY_Open_Reversal": {
                "matches": 102,
                "setups_created": 73,
                "after_risk": 73,
                "trades": 18
              },
              "Liquidity_Sweep_Scalp": {
                "matches": 393,
                "setups_created": 271,
                "after_risk": 271,
                "trades": 219
              }
            }
          },
          {
            "tp1_rr": 2.0,
            "funnel_slice": {
              "NY_Open_Reversal": {
                "matches": 102,
                "setups_created": 73,
                "after_risk": 73,
                "trades": 18
              },
              "Liquidity_Sweep_Scalp": {
                "matches": 393,
                "setups_created": 271,
                "after_risk": 271,
                "trades": 219
              }
            }
          }
        ]
      },
      "202511_w03": {
        "ny_funnel_identical_across_tp1_variants": true,
        "per_variant": [
          {
            "tp1_rr": 1.0,
            "funnel_slice": {
              "NY_Open_Reversal": {
                "matches": 0,
                "setups_created": 0,
                "after_risk": 0,
                "trades": 0
              },
              "Liquidity_Sweep_Scalp": {
                "matches": 401,
                "setups_created": 294,
                "after_risk": 294,
                "trades": 275
              }
            }
          },
          {
            "tp1_rr": 1.25,
            "funnel_slice": {
              "NY_Open_Reversal": {
                "matches": 0,
                "setups_created": 0,
                "after_risk": 0,
                "trades": 0
              },
              "Liquidity_Sweep_Scalp": {
                "matches": 401,
                "setups_created": 294,
                "after_risk": 294,
                "trades": 275
              }
            }
          },
          {
            "tp1_rr": 1.5,
            "funnel_slice": {
              "NY_Open_Reversal": {
                "matches": 0,
                "setups_created": 0,
                "after_risk": 0,
                "trades": 0
              },
              "Liquidity_Sweep_Scalp": {
                "matches": 401,
                "setups_created": 294,
                "after_risk": 294,