{
  "Liquidity_Sweep_Scalp": {
    "trades": 46,
    "wins": 12,
    "losses": 34,
    "winrate": 26.08695652173913,
    "total_r": -2.4774155000000033,
    "profit_factor": 0.14108488683238196,
    "disabled": false,
    "disable_reason": ""
  },
  "Session_Open_Scalp": {
    "trades": 3,
    "wins": 1,
    "losses": 2,
    "winrate": 33.33333333333333,
    "total_r": 0.05548500000002133,
    "profit_factor": 1.9366137744772378,
    "disabled": false,
    "disable_reason": ""
  },
  "Morning_Trap_Reversal": {
    "trades": 17,
    "wins": 5,
    "losses": 12,
    "winrate": 29.411764705882355,
    "total_r": -0.953391900000005,
    "profit_factor": 0.10778872249963073,
    "disabled": false,
    "disable_reason": ""
  },
  "Trend_Continuation_FVG_Retest": {
    "trades": 4,
    "wins": 0,
    "losses": 4,
    "winrate": 0.0,
    "total_r": -0.46151999999999815,
    "profit_factor": 0.0,
    "disabled": false,
    "disable_reason": ""
  }
}