{
  "Liquidity_Sweep_Scalp": {
    "trades": 15,
    "wins": 0,
    "losses": 15,
    "winrate": 0.0,
    "total_r": -0.7236379599999861,
    "profit_factor": 0.0,
    "disabled": false,
    "disable_reason": ""
  },
  "News_Fade": {
    "trades": 5,
    "wins": 3,
    "losses": 2,
    "winrate": 60.0,
    "total_r": 0.03402074000001404,
    "profit_factor": 2.2365845130068838,
    "disabled": false,
    "disable_reason": ""
  },
  "SCALP_Aplus_1_Mini_FVG_Retest_NY_Open": {
    "trades": 927,
    "wins": 255,
    "losses": 672,
    "winrate": 27.508090614886733,
    "total_r": -9.772583130200147,
    "profit_factor": 0.45443518462222304,
    "disabled": false,
    "disable_reason": ""
  },
  "Engulfing_Bar_V056": {
    "trades": 10,
    "wins": 2,
    "losses": 8,
    "winrate": 20.0,
    "total_r": -0.2949047399999975,
    "profit_factor": 0.08071907996578395,
    "disabled": false,
    "disable_reason": ""
  },
  "BOS_Scalp_1m": {
    "trades": 15,
    "wins": 3,
    "losses": 12,
    "winrate": 20.0,
    "total_r": -1.1178389105999658,
    "profit_factor": 0.060867575388467654,
    "disabled": false,
    "disable_reason": ""
  },
  "Session_Open_Scalp": {
    "trades": 5,
    "wins": 2,
    "losses": 3,
    "winrate": 40.0,
    "total_r": -0.18762227999999465,
    "profit_factor": 0.10261755844537555,
    "disabled": false,
    "disable_reason": ""
  },
  "Morning_Trap_Reversal": {
    "trades": 8,
    "wins": 1,
    "losses": 7,
    "winrate": 12.5,
    "total_r": -1.0189992449999914,
    "profit_factor": 0.11869696837240579,
    "disabled": false,
    "disable_reason": ""
  },
  "DAY_Aplus_1_Liquidity_Sweep_OB_Retest": {
    "trades": 866,
    "wins": 38,
    "losses": 828,
    "winrate": 4.387990762124711,
    "total_r": -207.42548010418508,
    "profit_factor": 0.017208782967675324,
    "disabled": false,
    "disable_reason": ""
  },
  "NY_Open_Reversal": {
    "trades": 5,
    "wins": 0,
    "losses": 5,
    "winrate": 0.0,
    "total_r": -0.4263336100000022,
    "profit_factor": 0.0,
    "disabled": false,
    "disable_reason": ""
  },
  "RSI_MeanRev_5m": {
    "trades": 8,
    "wins": 1,
    "losses": 7,
    "winrate": 12.5,
    "total_r": -0.4144959047999938,
    "profit_factor": 0.008823826813971506,
    "disabled": false,
    "disable_reason": ""
  },
  "IFVG_5m_Sweep": {
    "trades": 6,
    "wins": 2,
    "losses": 4,
    "winrate": 33.33333333333333,
    "total_r": -0.13065844240000085,
    "profit_factor": 0.10168415781202418,
    "disabled": false,
    "disable_reason": ""
  },
  "VWAP_Bounce_5m": {
    "trades": 1,
    "wins": 1,
    "losses": 0,
    "winrate": 100.0,
    "total_r": 0.013609469999999865,
    "profit_factor": Infinity,
    "disabled": false,
    "disable_reason": ""
  },
  "ORB_Breakout_5m": {
    "trades": 4,
    "wins": 3,
    "losses": 1,
    "winrate": 75.0,
    "total_r": 0.019209079999998734,
    "profit_factor": 2.1535183695037747,
    "disabled": false,
    "disable_reason": ""
  },
  "FVG_Fill_Scalp": {
    "trades": 1,
    "wins": 0,
    "losses": 1,
    "winrate": 0.0,
    "total_r": -0.0076899999999998185,
    "profit_factor": 0.0,
    "disabled": false,
    "disable_reason": ""
  },
  "HTF_Bias_15m_BOS": {
    "trades": 1,
    "wins": 1,
    "losses": 0,
    "winrate": 100.0,
    "total_r": 0.030399750000000652,
    "profit_factor": Infinity,
    "disabled": false,
    "disable_reason": ""
  }
}