{
  "run_total_r": -221.42300528718482,
  "run_peak_r": 3.150770919999962,
  "max_drawdown_r": 224.57377620718478,
  "current_drawdown_r": 224.57377620718478,
  "final_balance": -171423.00528718502,
  "initial_capital": 50000.0,
  "trading_mode": "AGGRESSIVE",
  "run_stopped": false,
  "disabled_playbooks": [],
  "stop_run_triggered": false,
  "stop_run_time": null,
  "stop_run_reason": ""
}