{
  "VWAP_Bounce_5m": {
    "trades": 2,
    "wins": 1,
    "losses": 1,
    "winrate": 50.0,
    "total_r": 0.09473999999998434,
    "profit_factor": 2.5564317397730902,
    "disabled": false,
    "disable_reason": ""
  }
}