{
  "run_total_r": 0.09473999999998434,
  "run_peak_r": 0.15560999999998198,
  "max_drawdown_r": 0.06086999999999765,
  "current_drawdown_r": 0.06086999999999765,
  "final_balance": 50094.73999999998,
  "initial_capital": 50000.0,
  "trading_mode": "AGGRESSIVE",
  "run_stopped": false,
  "disabled_playbooks": [],
  "stop_run_triggered": false,
  "stop_run_time": null,
  "stop_run_reason": ""
}