{
  "Aplus_03_IFVG_Flip_5m": {
    "trades": 5,
    "wins": 1,
    "losses": 4,
    "winrate": 20.0,
    "total_r": -0.9920467940000173,
    "profit_factor": 0.024105931373556422,
    "disabled": false,
    "disable_reason": ""
  }
}