{
  "FVG_Fill_Scalp": {
    "trades": 969,
    "wins": 185,
    "losses": 784,
    "winrate": 19.09184726522188,
    "total_r": -38.452127689499925,
    "profit_factor": 0.08468696496683828,
    "disabled": false,
    "disable_reason": ""
  }
}