{
  "run_total_r": -35.77995735000018,
  "run_peak_r": 2.5806250000000035,
  "max_drawdown_r": 38.360582350000186,
  "current_drawdown_r": 38.360582350000186,
  "final_balance": 2844.008529999961,
  "initial_capital": 10000.0,
  "trading_mode": "AGGRESSIVE",
  "run_stopped": false,
  "disabled_playbooks": [],
  "stop_run_triggered": false,
  "stop_run_time": null,
  "stop_run_reason": ""
}