{
  "Morning_Trap_Reversal": {
    "trades": 10,
    "wins": 2,
    "losses": 8,
    "winrate": 20.0,
    "total_r": -0.1809395999999938,
    "profit_factor": 0.8788898983650832,
    "disabled": false,
    "disable_reason": ""
  },
  "Engulfing_Bar_V056": {
    "trades": 10,
    "wins": 8,
    "losses": 2,
    "winrate": 80.0,
    "total_r": 2.7360529650000247,
    "profit_factor": 5.616665861381185,
    "disabled": false,
    "disable_reason": ""
  },
  "Liquidity_Sweep_Scalp": {
    "trades": 15,
    "wins": 5,
    "losses": 10,
    "winrate": 33.33333333333333,
    "total_r": -0.4622199095999588,
    "profit_factor": 0.44842416799328655,
    "disabled": false,
    "disable_reason": ""
  },
  "BOS_Scalp_1m": {
    "trades": 15,
    "wins": 8,
    "losses": 7,
    "winrate": 53.333333333333336,
    "total_r": 0.3437574949999832,
    "profit_factor": 1.1794857498846394,
    "disabled": false,
    "disable_reason": ""
  }
}