{
  "run_total_r": 2.4366509504000557,
  "run_peak_r": 2.787217950400042,
  "max_drawdown_r": 1.8686217599999966,
  "current_drawdown_r": 0.3505669999999861,
  "final_balance": 52436.65095040005,
  "initial_capital": 50000.0,
  "trading_mode": "AGGRESSIVE",
  "run_stopped": false,
  "disabled_playbooks": [],
  "stop_run_triggered": false,
  "stop_run_time": null,
  "stop_run_reason": ""
}