{
  "HTF_Bias_15m_BOS_v2": {
    "trades": 8,
    "wins": 1,
    "losses": 7,
    "winrate": 12.5,
    "total_r": -1.5871147523600044,
    "profit_factor": 0.03958630513229551,
    "disabled": false,
    "disable_reason": ""
  }
}