{
  "run_total_r": -1.5871147523600044,
  "run_peak_r": 0.06541765200000112,
  "max_drawdown_r": 1.6525324043600056,
  "current_drawdown_r": 1.6525324043600056,
  "final_balance": 48412.88524764,
  "initial_capital": 50000.0,
  "trading_mode": "AGGRESSIVE",
  "run_stopped": false,
  "disabled_playbooks": [],
  "stop_run_triggered": false,
  "stop_run_time": null,
  "stop_run_reason": ""
}