{
  "HTF_Bias_15m_BOS": {
    "trades": 5,
    "wins": 3,
    "losses": 2,
    "winrate": 60.0,
    "total_r": -0.11947259099999016,
    "profit_factor": 0.6370492994052251,
    "disabled": false,
    "disable_reason": ""
  }
}