{
  "run_total_r": -0.11947259099999016,
  "run_peak_r": 0.0735847139999985,
  "max_drawdown_r": 0.19305730499998866,
  "current_drawdown_r": 0.19305730499998866,
  "final_balance": 49880.52740900001,
  "initial_capital": 50000.0,
  "trading_mode": "AGGRESSIVE",
  "run_stopped": false,
  "disabled_playbooks": [],
  "stop_run_triggered": false,
  "stop_run_time": null,
  "stop_run_reason": ""
}