{
  "News_Fade": {
    "trades": 197,
    "wins": 25,
    "losses": 172,
    "winrate": 12.690355329949238,
    "total_r": -8.499794877999987,
    "profit_factor": 0.058407683029797375,
    "disabled": false,
    "disable_reason": ""
  },
  "NY_Open_Reversal": {
    "trades": 477,
    "wins": 118,
    "losses": 359,
    "winrate": 24.737945492662476,
    "total_r": -0.9014841410001695,
    "profit_factor": 0.9768582507624237,
    "disabled": false,
    "disable_reason": ""
  },
  "FVG_Fill_Scalp": {
    "trades": 2336,
    "wins": 739,
    "losses": 1597,
    "winrate": 31.63527397260274,
    "total_r": -45.741528711500074,
    "profit_factor": 0.3146955995572299,
    "disabled": false,
    "disable_reason": ""
  },
  "Session_Open_Scalp": {
    "trades": 109,
    "wins": 15,
    "losses": 94,
    "winrate": 13.761467889908257,
    "total_r": -4.405964299999974,
    "profit_factor": 0.027101493258947878,
    "disabled": false,
    "disable_reason": ""
  }
}