{
  "Liquidity_Sweep_Scalp": {
    "trades": 15,
    "wins": 4,
    "losses": 11,
    "winrate": 26.666666666666668,
    "total_r": -2.0105478299999393,
    "profit_factor": 0.11577079799112726,
    "disabled": false,
    "disable_reason": ""
  },
  "Session_Open_Scalp": {
    "trades": 6,
    "wins": 5,
    "losses": 1,
    "winrate": 83.33333333333334,
    "total_r": 2.1630853749999748,
    "profit_factor": 4.890018037605598,
    "disabled": false,
    "disable_reason": ""
  },
  "FVG_Fill_Scalp": {
    "trades": 15,
    "wins": 7,
    "losses": 8,
    "winrate": 46.666666666666664,
    "total_r": -0.5316854827499731,
    "profit_factor": 0.6246707253385255,
    "disabled": false,
    "disable_reason": ""
  },
  "Morning_Trap_Reversal": {
    "trades": 10,
    "wins": 3,
    "losses": 7,
    "winrate": 30.0,
    "total_r": 0.33184215249999816,
    "profit_factor": 1.1936582375522193,
    "disabled": false,
    "disable_reason": ""
  },
  "IFVG_5m_Sweep": {
    "trades": 10,
    "wins": 1,
    "losses": 9,
    "winrate": 10.0,
    "total_r": -1.915808849999991,
    "profit_factor": 0.23919650022475983,
    "disabled": false,
    "disable_reason": ""
  },
  "NY_Open_Reversal": {
    "trades": 10,
    "wins": 5,
    "losses": 5,
    "winrate": 50.0,
    "total_r": 0.16929280749998632,
    "profit_factor": 1.148763818237615,
    "disabled": false,
    "disable_reason": ""
  },
  "News_Fade": {
    "trades": 2,
    "wins": 2,
    "losses": 0,
    "winrate": 100.0,
    "total_r": 0.21049000000000306,
    "profit_factor": Infinity,
    "disabled": false,
    "disable_reason": ""
  }
}