{
  "run_total_r": -1.5833318277499409,
  "run_peak_r": 0.4851794449999803,
  "max_drawdown_r": 3.692093654999941,
  "current_drawdown_r": 2.0685112727499213,
  "final_balance": 48416.668172250036,
  "initial_capital": 50000.0,
  "trading_mode": "AGGRESSIVE",
  "run_stopped": false,
  "disabled_playbooks": [],
  "stop_run_triggered": false,
  "stop_run_time": null,
  "stop_run_reason": ""
}