{
  "Liquidity_Sweep_Scalp": {
    "trades": 265,
    "wins": 34,
    "losses": 231,
    "winrate": 12.830188679245284,
    "total_r": -13.765792919750096,
    "profit_factor": 0.08650200965243175,
    "disabled": false,
    "disable_reason": ""
  },
  "Morning_Trap_Reversal": {
    "trades": 106,
    "wins": 6,
    "losses": 100,
    "winrate": 5.660377358490567,
    "total_r": -7.536796267500051,
    "profit_factor": 0.1957088506643262,
    "disabled": false,
    "disable_reason": ""
  },
  "Session_Open_Scalp": {
    "trades": 13,
    "wins": 5,
    "losses": 8,
    "winrate": 38.46153846153847,
    "total_r": -1.621801900000006,
    "profit_factor": 0.2776954458835819,
    "disabled": false,
    "disable_reason": ""
  },
  "FVG_Fill_Scalp": {
    "trades": 114,
    "wins": 30,
    "losses": 84,
    "winrate": 26.31578947368421,
    "total_r": -4.648069081000003,
    "profit_factor": 0.10291231904165721,
    "disabled": false,
    "disable_reason": ""
  },
  "News_Fade": {
    "trades": 2,
    "wins": 0,
    "losses": 2,
    "winrate": 0.0,
    "total_r": -0.05572160000000438,
    "profit_factor": 0.0,
    "disabled": false,
    "disable_reason": ""
  }
}