{
  "Aplus_03_IFVG_Flip_5m": {
    "trades": 12,
    "wins": 8,
    "losses": 4,
    "winrate": 66.66666666666666,
    "total_r": 0.15143392692498747,
    "profit_factor": 1.4764511315019164,
    "disabled": false,
    "disable_reason": ""
  }
}