{
  "run_total_r": 0.15143392692498747,
  "run_peak_r": 0.36532184442498516,
  "max_drawdown_r": 0.28633288000000134,
  "current_drawdown_r": 0.2138879174999977,
  "final_balance": 50151.433926925,
  "initial_capital": 50000.0,
  "trading_mode": "AGGRESSIVE",
  "run_stopped": false,
  "disabled_playbooks": [],
  "stop_run_triggered": false,
  "stop_run_time": null,
  "stop_run_reason": ""
}