{
  "Liquidity_Sweep_Scalp": {
    "trades": 326,
    "wins": 31,
    "losses": 295,
    "winrate": 9.509202453987731,
    "total_r": -14.86979422450011,
    "profit_factor": 0.03517812591613141,
    "disabled": false,
    "disable_reason": ""
  },
  "FVG_Fill_Scalp": {
    "trades": 6,
    "wins": 0,
    "losses": 6,
    "winrate": 0.0,
    "total_r": -0.36180499999998905,
    "profit_factor": 0.0,
    "disabled": false,
    "disable_reason": ""
  },
  "Morning_Trap_Reversal": {
    "trades": 98,
    "wins": 6,
    "losses": 92,
    "winrate": 6.122448979591836,
    "total_r": -9.465041957999954,
    "profit_factor": 0.0339094740371559,
    "disabled": false,
    "disable_reason": ""
  },
  "Trend_Continuation_FVG_Retest": {
    "trades": 9,
    "wins": 0,
    "losses": 9,
    "winrate": 0.0,
    "total_r": -0.5457700000000001,
    "profit_factor": 0.0,
    "disabled": false,
    "disable_reason": ""
  },
  "News_Fade": {
    "trades": 18,
    "wins": 5,
    "losses": 13,
    "winrate": 27.77777777777778,
    "total_r": -0.8815687999999512,
    "profit_factor": 0.31668982169749654,
    "disabled": false,
    "disable_reason": ""
  },
  "Session_Open_Scalp": {
    "trades": 6,
    "wins": 1,
    "losses": 5,
    "winrate": 16.666666666666664,
    "total_r": -0.5286281999999949,
    "profit_factor": 0.18906906228801673,
    "disabled": false,
    "disable_reason": ""
  }
}