{
  "Morning_Trap_Reversal": {
    "trades": 10,
    "wins": 2,
    "losses": 8,
    "winrate": 20.0,
    "total_r": -0.16398620999999375,
    "profit_factor": 0.8881159003329347,
    "disabled": false,
    "disable_reason": ""
  },
  "Engulfing_Bar_V056": {
    "trades": 10,
    "wins": 4,
    "losses": 6,
    "winrate": 40.0,
    "total_r": -0.564155610000004,
    "profit_factor": 0.6529090915411071,
    "disabled": false,
    "disable_reason": ""
  },
  "Liquidity_Sweep_Scalp": {
    "trades": 15,
    "wins": 8,
    "losses": 7,
    "winrate": 53.333333333333336,
    "total_r": 0.1799651168800056,
    "profit_factor": 1.261724805384437,
    "disabled": false,
    "disable_reason": ""
  },
  "BOS_Scalp_1m": {
    "trades": 15,
    "wins": 8,
    "losses": 7,
    "winrate": 53.333333333333336,
    "total_r": 0.36299965169998283,
    "profit_factor": 1.1921874197390832,
    "disabled": false,
    "disable_reason": ""
  }
}