{
  "run_total_r": -0.18517705142000945,
  "run_peak_r": 0.7920940959999443,
  "max_drawdown_r": 1.6253746600000045,
  "current_drawdown_r": 0.9772711474199538,
  "final_balance": 49814.82294858,
  "initial_capital": 50000.0,
  "trading_mode": "AGGRESSIVE",
  "run_stopped": false,
  "disabled_playbooks": [],
  "stop_run_triggered": false,
  "stop_run_time": null,
  "stop_run_reason": ""
}