{
  "BOS_Scalp_1m": {
    "trades": 12,
    "wins": 3,
    "losses": 9,
    "winrate": 25.0,
    "total_r": -2.5707214004000436,
    "profit_factor": 0.18917768279411032,
    "disabled": false,
    "disable_reason": ""
  },
  "Engulfing_Bar_V056": {
    "trades": 8,
    "wins": 2,
    "losses": 6,
    "winrate": 25.0,
    "total_r": -1.3147516799999803,
    "profit_factor": 0.2650693870876027,
    "disabled": false,
    "disable_reason": ""
  },
  "Liquidity_Sweep_Scalp": {
    "trades": 10,
    "wins": 2,
    "losses": 8,
    "winrate": 20.0,
    "total_r": -0.18673327199997905,
    "profit_factor": 0.6317898822483808,
    "disabled": false,
    "disable_reason": ""
  },
  "Morning_Trap_Reversal": {
    "trades": 6,
    "wins": 2,
    "losses": 4,
    "winrate": 33.33333333333333,
    "total_r": -0.28271504969999994,
    "profit_factor": 0.720441351862312,
    "disabled": false,
    "disable_reason": ""
  }
}