{
  "run_total_r": -4.354921402100003,
  "run_peak_r": 1.2818839899999501,
  "max_drawdown_r": 5.636805392099953,
  "current_drawdown_r": 5.636805392099953,
  "final_balance": 45645.07859789999,
  "initial_capital": 50000.0,
  "trading_mode": "AGGRESSIVE",
  "run_stopped": false,
  "disabled_playbooks": [],
  "stop_run_triggered": false,
  "stop_run_time": null,
  "stop_run_reason": ""
}