{
  "Session_Open_Scalp": {
    "trades": 55,
    "wins": 27,
    "losses": 28,
    "winrate": 49.09090909090909,
    "total_r": -3.5001791500000357,
    "profit_factor": 0.5143803117267659,
    "disabled": false,
    "disable_reason": ""
  },
  "Trend_Continuation_FVG_Retest": {
    "trades": 272,
    "wins": 101,
    "losses": 171,
    "winrate": 37.13235294117647,
    "total_r": -8.695713472999975,
    "profit_factor": 0.8161924943972183,
    "disabled": false,
    "disable_reason": ""
  },
  "FVG_Fill_Scalp": {
    "trades": 36,
    "wins": 16,
    "losses": 20,
    "winrate": 44.44444444444444,
    "total_r": -2.1066269599999807,
    "profit_factor": 0.35326867416795904,
    "disabled": false,
    "disable_reason": ""
  },
  "NY_Open_Reversal": {
    "trades": 53,
    "wins": 23,
    "losses": 30,
    "winrate": 43.39622641509434,
    "total_r": 5.094855403499874,
    "profit_factor": 1.758667051653384,
    "disabled": false,
    "disable_reason": ""
  }
}