{
  "Liquidity_Sweep_Scalp": {
    "trades": 8,
    "wins": 1,
    "losses": 7,
    "winrate": 12.5,
    "total_r": -0.4555006999999913,
    "profit_factor": 0.26643445984457054,
    "disabled": false,
    "disable_reason": ""
  },
  "NY_Open_Reversal": {
    "trades": 162,
    "wins": 64,
    "losses": 98,
    "winrate": 39.50617283950617,
    "total_r": 6.069951359499591,
    "profit_factor": 1.3044074450168048,
    "disabled": false,
    "disable_reason": ""
  }
}