{
  "Liquidity_Sweep_Scalp": {
    "trades": 863,
    "wins": 202,
    "losses": 661,
    "winrate": 23.406720741599074,
    "total_r": -27.240360864499973,
    "profit_factor": 0.19406612795935868,
    "disabled": false,
    "disable_reason": ""
  },
  "Session_Open_Scalp": {
    "trades": 39,
    "wins": 10,
    "losses": 29,
    "winrate": 25.64102564102564,
    "total_r": -0.8252238704999802,
    "profit_factor": 0.6686313187198671,
    "disabled": false,
    "disable_reason": ""
  },
  "Morning_Trap_Reversal": {
    "trades": 369,
    "wins": 75,
    "losses": 294,
    "winrate": 20.32520325203252,
    "total_r": 1.7298089474995855,
    "profit_factor": 1.0690570460640594,
    "disabled": false,
    "disable_reason": ""
  },
  "Trend_Continuation_FVG_Retest": {
    "trades": 249,
    "wins": 22,
    "losses": 227,
    "winrate": 8.835341365461847,
    "total_r": -11.78048055799999,
    "profit_factor": 0.47643178738652403,
    "disabled": false,
    "disable_reason": ""
  },
  "NY_Open_Reversal": {
    "trades": 43,
    "wins": 14,
    "losses": 29,
    "winrate": 32.55813953488372,
    "total_r": -1.037349061500035,
    "profit_factor": 0.710258626335005,
    "disabled": false,
    "disable_reason": ""
  },
  "FVG_Fill_Scalp": {
    "trades": 71,
    "wins": 12,
    "losses": 59,
    "winrate": 16.901408450704224,
    "total_r": -4.73593182949999,
    "profit_factor": 0.13568115884586218,
    "disabled": false,
    "disable_reason": ""
  }
}