{
  "Liquidity_Sweep_Scalp": {
    "trades": 863,
    "wins": 269,
    "losses": 594,
    "winrate": 31.170336037079956,
    "total_r": -19.533064647249923,
    "profit_factor": 0.4093832765386233,
    "disabled": false,
    "disable_reason": ""
  },
  "Session_Open_Scalp": {
    "trades": 39,
    "wins": 11,
    "losses": 28,
    "winrate": 28.205128205128204,
    "total_r": -0.5484581262499842,
    "profit_factor": 0.7109540730416416,
    "disabled": false,
    "disable_reason": ""
  },
  "Morning_Trap_Reversal": {
    "trades": 369,
    "wins": 111,
    "losses": 258,
    "winrate": 30.081300813008134,
    "total_r": 2.79322206499948,
    "profit_factor": 1.097567598377796,
    "disabled": false,
    "disable_reason": ""
  },
  "Trend_Continuation_FVG_Retest": {
    "trades": 249,
    "wins": 22,
    "losses": 227,
    "winrate": 8.835341365461847,
    "total_r": -24.268132554000008,
    "profit_factor": 0.2717436254602802,
    "disabled": false,
    "disable_reason": ""
  },
  "FVG_Fill_Scalp": {
    "trades": 71,
    "wins": 12,
    "losses": 59,
    "winrate": 16.901408450704224,
    "total_r": -3.828244366499988,
    "profit_factor": 0.14297662575209835,
    "disabled": false,
    "disable_reason": ""
  },
  "NY_Open_Reversal": {
    "trades": 43,
    "wins": 13,
    "losses": 30,
    "winrate": 30.23255813953488,
    "total_r": -2.733542584500024,
    "profit_factor": 0.4734574696012622,
    "disabled": false,
    "disable_reason": ""
  }
}