{
  "run_total_r": -9.20766417950011,
  "run_peak_r": 4.595281152000037,
  "max_drawdown_r": 38.0409476975001,
  "current_drawdown_r": 13.802945331500148,
  "final_balance": 40792.335820499866,
  "initial_capital": 50000.0,
  "trading_mode": "AGGRESSIVE",
  "run_stopped": false,
  "disabled_playbooks": [],
  "stop_run_triggered": false,
  "stop_run_time": null,
  "stop_run_reason": ""
}