{
  "run_total_r": 5.614450659499597,
  "run_peak_r": 9.22262350949951,
  "max_drawdown_r": 6.513652906500131,
  "current_drawdown_r": 3.608172849999913,
  "final_balance": 55614.450659499606,
  "initial_capital": 50000.0,
  "trading_mode": "AGGRESSIVE",
  "run_stopped": false,
  "disabled_playbooks": [],
  "stop_run_triggered": false,
  "stop_run_time": null,
  "stop_run_reason": ""
}