{
  "run_total_r": -10.330996383250199,
  "run_peak_r": 0.21067527749998052,
  "max_drawdown_r": 11.758474000750013,
  "current_drawdown_r": 10.541671660750179,
  "final_balance": 39669.00361674978,
  "initial_capital": 50000.0,
  "trading_mode": "AGGRESSIVE",
  "run_stopped": false,
  "disabled_playbooks": [],
  "stop_run_triggered": false,
  "stop_run_time": null,
  "stop_run_reason": ""
}