{
  "run_total_r": -1.2078654260999775,
  "run_peak_r": 1.53109111999999,
  "max_drawdown_r": 3.566243196899981,
  "current_drawdown_r": 2.7389565460999674,
  "final_balance": 48792.134573900024,
  "initial_capital": 50000.0,
  "trading_mode": "AGGRESSIVE",
  "run_stopped": false,
  "disabled_playbooks": [],
  "stop_run_triggered": false,
  "stop_run_time": null,
  "stop_run_reason": ""
}