{
  "Liquidity_Sweep_Scalp": {
    "trades": 96,
    "wins": 25,
    "losses": 71,
    "winrate": 26.041666666666668,
    "total_r": -8.114355584999949,
    "profit_factor": 0.20616233488384259,
    "disabled": false,
    "disable_reason": ""
  },
  "NY_Open_Reversal": {
    "trades": 60,
    "wins": 18,
    "losses": 42,
    "winrate": 30.0,
    "total_r": -4.292313749999951,
    "profit_factor": 0.43796342286629714,
    "disabled": false,
    "disable_reason": ""
  },
  "FVG_Fill_Scalp": {
    "trades": 59,
    "wins": 16,
    "losses": 43,
    "winrate": 27.11864406779661,
    "total_r": -2.7394216160000067,
    "profit_factor": 0.2851513733491162,
    "disabled": false,
    "disable_reason": ""
  },
  "Morning_Trap_Reversal": {
    "trades": 58,
    "wins": 11,
    "losses": 47,
    "winrate": 18.96551724137931,
    "total_r": -5.441201176000003,
    "profit_factor": 0.4239851789720515,
    "disabled": false,
    "disable_reason": ""
  },
  "IFVG_5m_Sweep": {
    "trades": 48,
    "wins": 3,
    "losses": 45,
    "winrate": 6.25,
    "total_r": -5.0948484644999965,
    "profit_factor": 0.21421488638587372,
    "disabled": false,
    "disable_reason": ""
  },
  "News_Fade": {
    "trades": 8,
    "wins": 3,
    "losses": 5,
    "winrate": 37.5,
    "total_r": -0.6294849999999983,
    "profit_factor": 0.32206648106963937,
    "disabled": false,
    "disable_reason": ""
  },
  "Session_Open_Scalp": {
    "trades": 35,
    "wins": 9,
    "losses": 26,
    "winrate": 25.71428571428571,
    "total_r": -2.0232129285,
    "profit_factor": 0.2940231096736355,
    "disabled": false,
    "disable_reason": ""
  },
  "HTF_Bias_15m_BOS": {
    "trades": 20,
    "wins": 1,
    "losses": 19,
    "winrate": 5.0,
    "total_r": -2.2951463094999833,
    "profit_factor": 0.17865907169868642,
    "disabled": false,
    "disable_reason": ""
  }
}