{
  "run_total_r": -30.62998482949988,
  "run_peak_r": 0.9210924000000009,
  "max_drawdown_r": 31.55107722949988,
  "current_drawdown_r": 31.55107722949988,
  "final_balance": 19370.015170500108,
  "initial_capital": 50000.0,
  "trading_mode": "AGGRESSIVE",
  "run_stopped": false,
  "disabled_playbooks": [],
  "stop_run_triggered": false,
  "stop_run_time": null,
  "stop_run_reason": ""
}