{
  "Morning_Trap_Reversal": {
    "trades": 10,
    "wins": 2,
    "losses": 8,
    "winrate": 20.0,
    "total_r": -0.10680560499999621,
    "profit_factor": 0.9419241410799466,
    "disabled": false,
    "disable_reason": ""
  },
  "BOS_Scalp_1m": {
    "trades": 15,
    "wins": 7,
    "losses": 8,
    "winrate": 46.666666666666664,
    "total_r": -0.7899225585999912,
    "profit_factor": 0.6972263215083346,
    "disabled": false,
    "disable_reason": ""
  },
  "Engulfing_Bar_V056": {
    "trades": 10,
    "wins": 3,
    "losses": 7,
    "winrate": 30.0,
    "total_r": -0.9338369450000135,
    "profit_factor": 0.45855803631487996,
    "disabled": false,
    "disable_reason": ""
  },
  "Liquidity_Sweep_Scalp": {
    "trades": 15,
    "wins": 6,
    "losses": 9,
    "winrate": 40.0,
    "total_r": -0.34465226863995957,
    "profit_factor": 0.7229304033087712,
    "disabled": false,
    "disable_reason": ""
  }
}