{
  "Session_Open_Scalp": {
    "trades": 28,
    "wins": 6,
    "losses": 22,
    "winrate": 21.428571428571427,
    "total_r": -5.379447911249929,
    "profit_factor": 0.3861834557590211,
    "disabled": false,
    "disable_reason": ""
  }
}