{
  "run_total_r": -5.379447911249929,
  "run_peak_r": 2.7947276500000298,
  "max_drawdown_r": 8.174175561249958,
  "current_drawdown_r": 8.174175561249958,
  "final_balance": 89241.10417750012,
  "initial_capital": 100000.0,
  "trading_mode": "AGGRESSIVE",
  "run_stopped": false,
  "disabled_playbooks": [],
  "stop_run_triggered": false,
  "stop_run_time": null,
  "stop_run_reason": ""
}