{
  "Liquidity_Sweep_Scalp": {
    "trades": 15,
    "wins": 2,
    "losses": 13,
    "winrate": 13.333333333333334,
    "total_r": -2.1363926799999455,
    "profit_factor": 0.06272778526063673,
    "disabled": false,
    "disable_reason": ""
  },
  "Morning_Trap_Reversal": {
    "trades": 10,
    "wins": 2,
    "losses": 8,
    "winrate": 20.0,
    "total_r": -0.6624611974999821,
    "profit_factor": 0.6638997597310036,
    "disabled": false,
    "disable_reason": ""
  },
  "FVG_Fill_Scalp": {
    "trades": 9,
    "wins": 5,
    "losses": 4,
    "winrate": 55.55555555555556,
    "total_r": 0.5127500000000029,
    "profit_factor": 2.663098829100638,
    "disabled": false,
    "disable_reason": ""
  },
  "News_Fade": {
    "trades": 3,
    "wins": 2,
    "losses": 1,
    "winrate": 66.66666666666666,
    "total_r": 0.14603000000000468,
    "profit_factor": 3.316098334655212,
    "disabled": false,
    "disable_reason": ""
  },
  "Session_Open_Scalp": {
    "trades": 2,
    "wins": 1,
    "losses": 1,
    "winrate": 50.0,
    "total_r": 0.3487850000000124,
    "profit_factor": 6.0402456647400635,
    "disabled": false,
    "disable_reason": ""
  }
}