{
  "Aplus_03_IFVG_Flip_5m_LAB": {
    "trades": 11,
    "wins": 2,
    "losses": 9,
    "winrate": 18.181818181818183,
    "total_r": -0.8767698100000033,
    "profit_factor": 0.12408465417900358,
    "disabled": false,
    "disable_reason": ""
  },
  "Aplus_03_IFVG_Flip_5m_SAFE": {
    "trades": 3,
    "wins": 1,
    "losses": 2,
    "winrate": 33.33333333333333,
    "total_r": -0.30592918000000535,
    "profit_factor": 0.049443783458161396,
    "disabled": false,
    "disable_reason": ""
  }
}