{
  "Session_Open_Scalp": {
    "trades": 32,
    "wins": 2,
    "losses": 30,
    "winrate": 6.25,
    "total_r": -4.924440205000004,
    "profit_factor": 0.06414076430350163,
    "disabled": true,
    "disable_reason": "PF=0.07 < 0.85 (after 30 trades)"
  }
}