{
  "run_id": "miniweek_vwap_bounce_5m_solo_12w_vwap_bounce_5m_solo_12w_aug_w1",
  "n_setups": 20,
  "components": {
    "liquidity_sweep_score": {
      "min": 0.3,
      "median": 0.3,
      "p90": 0.3
    },
    "bos_strength_score": {
      "min": 0.2685559685575924,
      "median": 0.3959245071809957,
      "p90": 0.48593300721615984
    },
    "fvg_quality_score": {
      "min": 0.7676835223410934,
      "median": 0.7676835223410934,
      "p90": 0.7676835223410934
    },
    "pattern_quality_score": {
      "min": 0.75,
      "median": 1.0,
      "p90": 1.0
    }
  },
  "flags": {
    "sweep_detected_pct": 0.0,
    "bos_detected_pct": 100.0,
    "fvg_detected_pct": 100.0,
    "pattern_detected_pct": 100.0
  },
  "quality_distribution": {
    "A+": 20
  }
}