{
  "Liquidity_Sweep_Scalp": {
    "trades": 316,
    "wins": 58,
    "losses": 258,
    "winrate": 18.354430379746837,
    "total_r": -15.842740802999977,
    "profit_factor": 0.23542891146336506,
    "disabled": false,
    "disable_reason": ""
  },
  "Session_Open_Scalp": {
    "trades": 14,
    "wins": 0,
    "losses": 14,
    "winrate": 0.0,
    "total_r": -2.077884799999983,
    "profit_factor": 0.0,
    "disabled": false,
    "disable_reason": ""
  },
  "FVG_Fill_Scalp": {
    "trades": 38,
    "wins": 9,
    "losses": 29,
    "winrate": 23.684210526315788,
    "total_r": -2.1742558749999925,
    "profit_factor": 0.2669191373365092,
    "disabled": false,
    "disable_reason": ""
  },
  "Morning_Trap_Reversal": {
    "trades": 89,
    "wins": 33,
    "losses": 56,
    "winrate": 37.07865168539326,
    "total_r": 12.61087977849976,
    "profit_factor": 2.775184393175559,
    "disabled": false,
    "disable_reason": ""
  },
  "News_Fade": {
    "trades": 7,
    "wins": 6,
    "losses": 1,
    "winrate": 85.71428571428571,
    "total_r": 2.085408699999983,
    "profit_factor": 45.80895358830888,
    "disabled": false,
    "disable_reason": ""
  }
}