{
  "run_total_r": -5.39859299950022,
  "run_peak_r": 2.1026204359997687,
  "max_drawdown_r": 11.314087690499978,
  "current_drawdown_r": 7.501213435499989,
  "final_balance": 44601.4070004998,
  "initial_capital": 50000.0,
  "trading_mode": "AGGRESSIVE",
  "run_stopped": false,
  "disabled_playbooks": [],
  "stop_run_triggered": false,
  "stop_run_time": null,
  "stop_run_reason": ""
}