{
  "Flag_Breakout_5m_v1": {
    "trades": 3,
    "wins": 1,
    "losses": 2,
    "winrate": 33.33333333333333,
    "total_r": -0.30778208499999893,
    "profit_factor": 0.44907563678628354,
    "disabled": false,
    "disable_reason": ""
  }
}