{
  "run_total_r": -0.30778208499999893,
  "run_peak_r": 0.2508827799999957,
  "max_drawdown_r": 0.5586648649999946,
  "current_drawdown_r": 0.5586648649999946,
  "final_balance": 49692.217915,
  "initial_capital": 50000.0,
  "trading_mode": "AGGRESSIVE",
  "run_stopped": false,
  "disabled_playbooks": [],
  "stop_run_triggered": false,
  "stop_run_time": null,
  "stop_run_reason": ""
}