{
  "Liquidity_Sweep_Scalp": {
    "trades": 96,
    "wins": 29,
    "losses": 67,
    "winrate": 30.208333333333332,
    "total_r": -5.26544688099994,
    "profit_factor": 0.32919247623245257,
    "disabled": false,
    "disable_reason": ""
  },
  "NY_Open_Reversal": {
    "trades": 60,
    "wins": 18,
    "losses": 42,
    "winrate": 30.0,
    "total_r": -3.956461799999965,
    "profit_factor": 0.49909507071114034,
    "disabled": false,
    "disable_reason": ""
  },
  "FVG_Fill_Scalp": {
    "trades": 46,
    "wins": 13,
    "losses": 33,
    "winrate": 28.26086956521739,
    "total_r": -1.3166911734999975,
    "profit_factor": 0.46371325322041373,
    "disabled": false,
    "disable_reason": ""
  },
  "Morning_Trap_Reversal": {
    "trades": 58,
    "wins": 10,
    "losses": 48,
    "winrate": 17.24137931034483,
    "total_r": -4.872414497500003,
    "profit_factor": 0.44887603061987524,
    "disabled": false,
    "disable_reason": ""
  },
  "HTF_Bias_15m_BOS": {
    "trades": 24,
    "wins": 1,
    "losses": 23,
    "winrate": 4.166666666666666,
    "total_r": -2.585720552499984,
    "profit_factor": 0.12502876480602612,
    "disabled": false,
    "disable_reason": ""
  },
  "IFVG_5m_Sweep": {
    "trades": 48,
    "wins": 2,
    "losses": 46,
    "winrate": 4.166666666666666,
    "total_r": -4.310733150000018,
    "profit_factor": 0.1693774718258229,
    "disabled": false,
    "disable_reason": ""
  },
  "News_Fade": {
    "trades": 8,
    "wins": 3,
    "losses": 5,
    "winrate": 37.5,
    "total_r": -0.620471899999999,
    "profit_factor": 0.35737781288106946,
    "disabled": false,
    "disable_reason": ""
  },
  "Session_Open_Scalp": {
    "trades": 26,
    "wins": 4,
    "losses": 22,
    "winrate": 15.384615384615385,
    "total_r": -2.1467772100000158,
    "profit_factor": 0.21955778063200834,
    "disabled": false,
    "disable_reason": ""
  }
}