{
  "run_total_r": -25.074717164499926,
  "run_peak_r": 0.747397600000007,
  "max_drawdown_r": 25.822114764499933,
  "current_drawdown_r": 25.822114764499933,
  "final_balance": 24925.282835500064,
  "initial_capital": 50000.0,
  "trading_mode": "AGGRESSIVE",
  "run_stopped": false,
  "disabled_playbooks": [],
  "stop_run_triggered": false,
  "stop_run_time": null,
  "stop_run_reason": ""
}