{
  "Aplus_04_HTF_15m_BOS_v1": {
    "trades": 12,
    "wins": 6,
    "losses": 6,
    "winrate": 50.0,
    "total_r": -0.8491075603000283,
    "profit_factor": 0.4196605741822086,
    "disabled": false,
    "disable_reason": ""
  }
}