{
  "run_total_r": -0.8491075603000283,
  "run_peak_r": 0.054773016000002256,
  "max_drawdown_r": 0.9038805763000306,
  "current_drawdown_r": 0.9038805763000306,
  "final_balance": 49150.892439699965,
  "initial_capital": 50000.0,
  "trading_mode": "AGGRESSIVE",
  "run_stopped": false,
  "disabled_playbooks": [],
  "stop_run_triggered": false,
  "stop_run_time": null,
  "stop_run_reason": ""
}