{
  "Liquidity_Sweep_Scalp": {
    "trades": 215,
    "wins": 57,
    "losses": 158,
    "winrate": 26.51162790697674,
    "total_r": -10.520541727500012,
    "profit_factor": 0.3290252246052517,
    "disabled": false,
    "disable_reason": ""
  },
  "Morning_Trap_Reversal": {
    "trades": 108,
    "wins": 11,
    "losses": 97,
    "winrate": 10.185185185185185,
    "total_r": -9.22134508541003,
    "profit_factor": 0.3840765378109759,
    "disabled": false,
    "disable_reason": ""
  },
  "News_Fade": {
    "trades": 16,
    "wins": 3,
    "losses": 13,
    "winrate": 18.75,
    "total_r": -0.835244399999997,
    "profit_factor": 0.12070688376641364,
    "disabled": false,
    "disable_reason": ""
  }
}