{
  "Liquidity_Sweep_Scalp": {
    "trades": 96,
    "wins": 28,
    "losses": 68,
    "winrate": 29.166666666666668,
    "total_r": -4.810477424999802,
    "profit_factor": 0.30734143945399245,
    "disabled": false,
    "disable_reason": ""
  },
  "Morning_Trap_Reversal": {
    "trades": 64,
    "wins": 17,
    "losses": 47,
    "winrate": 26.5625,
    "total_r": 0.8975302274999439,
    "profit_factor": 1.086626331716456,
    "disabled": false,
    "disable_reason": ""
  },
  "FVG_Fill_Scalp": {
    "trades": 87,
    "wins": 38,
    "losses": 49,
    "winrate": 43.67816091954023,
    "total_r": -2.4249317959999246,
    "profit_factor": 0.6774457260774863,
    "disabled": false,
    "disable_reason": ""
  },
  "News_Fade": {
    "trades": 13,
    "wins": 5,
    "losses": 8,
    "winrate": 38.46153846153847,
    "total_r": -0.4124187459999689,
    "profit_factor": 0.6042525301205475,
    "disabled": false,
    "disable_reason": ""
  },
  "Session_Open_Scalp": {
    "trades": 39,
    "wins": 16,
    "losses": 23,
    "winrate": 41.02564102564102,
    "total_r": 0.36389506650003695,
    "profit_factor": 1.0738539571515278,
    "disabled": false,
    "disable_reason": ""
  },
  "IFVG_5m_Sweep": {
    "trades": 26,
    "wins": 1,
    "losses": 25,
    "winrate": 3.8461538461538463,
    "total_r": -4.69502369999997,
    "profit_factor": 0.11072775684226187,
    "disabled": false,
    "disable_reason": ""
  },
  "NY_Open_Reversal": {
    "trades": 22,
    "wins": 9,
    "losses": 13,
    "winrate": 40.909090909090914,
    "total_r": -1.158668922499988,
    "profit_factor": 0.5811783078171843,
    "disabled": false,
    "disable_reason": ""
  }
}