{
  "run_total_r": -12.240095295499666,
  "run_peak_r": 0.37338499999999997,
  "max_drawdown_r": 14.19667612399963,
  "current_drawdown_r": 12.613480295499667,
  "final_balance": 37759.9047045003,
  "initial_capital": 50000.0,
  "trading_mode": "AGGRESSIVE",
  "run_stopped": false,
  "disabled_playbooks": [],
  "stop_run_triggered": false,
  "stop_run_time": null,
  "stop_run_reason": ""
}