{
  "Aplus_04_HTF_15m_BOS_v1": {
    "trades": 15,
    "wins": 9,
    "losses": 6,
    "winrate": 60.0,
    "total_r": -1.2935904060000014,
    "profit_factor": 0.40864459128233965,
    "disabled": false,
    "disable_reason": ""
  }
}