{
  "run_total_r": -1.2935904060000014,
  "run_peak_r": 0.17794875400001203,
  "max_drawdown_r": 1.8142897100000115,
  "current_drawdown_r": 1.4715391600000134,
  "final_balance": 48706.40959399999,
  "initial_capital": 50000.0,
  "trading_mode": "AGGRESSIVE",
  "run_stopped": false,
  "disabled_playbooks": [],
  "stop_run_triggered": false,
  "stop_run_time": null,
  "stop_run_reason": ""
}