{
  "Session_Open_Scalp": {
    "trades": 45,
    "wins": 18,
    "losses": 27,
    "winrate": 40.0,
    "total_r": -1.1245761734999582,
    "profit_factor": 0.8172990754194228,
    "disabled": false,
    "disable_reason": ""
  },
  "Liquidity_Sweep_Scalp": {
    "trades": 93,
    "wins": 27,
    "losses": 66,
    "winrate": 29.03225806451613,
    "total_r": -2.7064069624998726,
    "profit_factor": 0.5571908875898114,
    "disabled": false,
    "disable_reason": ""
  },
  "News_Fade": {
    "trades": 18,
    "wins": 6,
    "losses": 12,
    "winrate": 33.33333333333333,
    "total_r": -0.01022444999994403,
    "profit_factor": 0.9902869835396183,
    "disabled": false,
    "disable_reason": ""
  },
  "FVG_Fill_Scalp": {
    "trades": 88,
    "wins": 42,
    "losses": 46,
    "winrate": 47.72727272727273,
    "total_r": -3.643096849999834,
    "profit_factor": 0.40193215676916766,
    "disabled": false,
    "disable_reason": ""
  },
  "Morning_Trap_Reversal": {
    "trades": 62,
    "wins": 11,
    "losses": 51,
    "winrate": 17.741935483870968,
    "total_r": -4.687960746499885,
    "profit_factor": 0.5741896029459616,
    "disabled": false,
    "disable_reason": ""
  },
  "NY_Open_Reversal": {
    "trades": 38,
    "wins": 13,
    "losses": 25,
    "winrate": 34.21052631578947,
    "total_r": -0.09459989999992371,
    "profit_factor": 0.9723563362609997,
    "disabled": false,
    "disable_reason": ""
  },
  "IFVG_5m_Sweep": {
    "trades": 45,
    "wins": 12,
    "losses": 33,
    "winrate": 26.666666666666668,
    "total_r": 1.8732680550000715,
    "profit_factor": 1.292853534880658,
    "disabled": false,
    "disable_reason": ""
  }
}