{
  "run_total_r": -10.393597027499348,
  "run_peak_r": 6.443794487500162,
  "max_drawdown_r": 20.979875339999477,
  "current_drawdown_r": 16.83739151499951,
  "final_balance": 39606.402972500706,
  "initial_capital": 50000.0,
  "trading_mode": "AGGRESSIVE",
  "run_stopped": false,
  "disabled_playbooks": [],
  "stop_run_triggered": false,
  "stop_run_time": null,
  "stop_run_reason": ""
}