{
  "run_id": "agg_Oct06-10",
  "n_setups": 20,
  "components": {
    "liquidity_sweep_score": {
      "min": 0.1517677254061006,
      "median": 0.3,
      "p90": 0.4027079839971635
    },
    "bos_strength_score": {
      "min": 0.12875207401123326,
      "median": 0.3341694551103481,
      "p90": 0.3853422653015567
    },
    "fvg_quality_score": {
      "min": 0.0,
      "median": 0.0,
      "p90": 0.0
    },
    "pattern_quality_score": {
      "min": 0.0,
      "median": 0.0,
      "p90": 1.0
    }
  },
  "flags": {
    "sweep_detected_pct": 60.0,
    "bos_detected_pct": 100.0,
    "fvg_detected_pct": 0.0,
    "pattern_detected_pct": 25.0
  },
  "quality_distribution": {
    "C": 15,
    "A": 5
  }
}