{
  "run_id": "diag_4w",
  "n_setups": 20,
  "components": {
    "liquidity_sweep_score": {
      "min": 0.18685334137784262,
      "median": 0.3,
      "p90": 0.3
    },
    "bos_strength_score": {
      "min": 0.0,
      "median": 0.27577297358394764,
      "p90": 0.3968436133877896
    },
    "fvg_quality_score": {
      "min": 0.39459148059619076,
      "median": 0.39459148059619076,
      "p90": 0.4553233643704828
    },
    "pattern_quality_score": {
      "min": 0.0,
      "median": 0.7,
      "p90": 0.9
    }
  },
  "flags": {
    "sweep_detected_pct": 50.0,
    "bos_detected_pct": 85.0,
    "fvg_detected_pct": 100.0,
    "pattern_detected_pct": 75.0
  },
  "quality_distribution": {
    "A+": 9,
    "A": 6,
    "B": 5
  }
}