{
  "run_id": "all_playbooks_5d",
  "n_setups": 20,
  "components": {
    "liquidity_sweep_score": {
      "min": 0.237228821438227,
      "median": 0.3,
      "p90": 0.5803243334807877
    },
    "bos_strength_score": {
      "min": 0.0,
      "median": 0.0,
      "p90": 0.4534240065408576
    },
    "fvg_quality_score": {
      "min": 0.5777323128197112,
      "median": 0.5810920660268866,
      "p90": 0.5881190530026399
    },
    "pattern_quality_score": {
      "min": 0.0,
      "median": 1.0,
      "p90": 1.0
    }
  },
  "flags": {
    "sweep_detected_pct": 65.0,
    "bos_detected_pct": 40.0,
    "fvg_detected_pct": 100.0,
    "pattern_detected_pct": 80.0
  },
  "quality_distribution": {
    "B": 3,
    "A": 1,
    "A+": 16
  }
}