{
  "Session_Open_Scalp": {
    "trades": 12,
    "wins": 2,
    "losses": 10,
    "winrate": 16.666666666666664,
    "total_r": -0.08968279999999777,
    "profit_factor": 0.7946824224519976,
    "disabled": false,
    "disable_reason": ""
  }
}