{
  "Liquidity_Sweep_Scalp": {
    "trades": 373,
    "wins": 88,
    "losses": 285,
    "winrate": 23.59249329758713,
    "total_r": -17.387334018499963,
    "profit_factor": 0.19194827576789114,
    "disabled": true,
    "disable_reason": "PF=0.22 < 0.85 (after 30 trades)"
  },
  "Morning_Trap_Reversal": {
    "trades": 92,
    "wins": 29,
    "losses": 63,
    "winrate": 31.521739130434785,
    "total_r": -1.0358732080000268,
    "profit_factor": 0.9210143999219697,
    "disabled": true,
    "disable_reason": "PF=0.70 < 0.85 (after 30 trades)"
  },
  "SCALP_Aplus_1_Mini_FVG_Retest_NY_Open": {
    "trades": 140,
    "wins": 28,
    "losses": 112,
    "winrate": 20.0,
    "total_r": -6.02002092299999,
    "profit_factor": 0.32719961598144937,
    "disabled": true,
    "disable_reason": "PF=0.85 < 0.85 (after 31 trades)"
  },
  "DAY_Aplus_1_Liquidity_Sweep_OB_Retest": {
    "trades": 30,
    "wins": 5,
    "losses": 25,
    "winrate": 16.666666666666664,
    "total_r": -3.4775417699999176,
    "profit_factor": 0.4972688899938495,
    "disabled": true,
    "disable_reason": "PF=0.50 < 0.85 (after 30 trades)"
  },
  "Session_Open_Scalp": {
    "trades": 12,
    "wins": 0,
    "losses": 12,
    "winrate": 0.0,
    "total_r": -1.006802400000012,
    "profit_factor": 0.0,
    "disabled": false,
    "disable_reason": ""
  }
}