{
  "News_Fade": {
    "trades": 5,
    "wins": 0,
    "losses": 5,
    "winrate": 0.0,
    "total_r": -0.6687860199999912,
    "profit_factor": 0.0,
    "disabled": false,
    "disable_reason": ""
  },
  "NY_Open_Reversal": {
    "trades": 10,
    "wins": 2,
    "losses": 8,
    "winrate": 20.0,
    "total_r": 0.055964150000000545,
    "profit_factor": 1.0363690308173812,
    "disabled": false,
    "disable_reason": ""
  },
  "VWAP_Bounce_5m": {
    "trades": 2,
    "wins": 1,
    "losses": 1,
    "winrate": 50.0,
    "total_r": -0.005104900000011167,
    "profit_factor": 0.8827669830448313,
    "disabled": false,
    "disable_reason": ""
  },
  "BOS_Scalp_1m": {
    "trades": 15,
    "wins": 8,
    "losses": 7,
    "winrate": 53.333333333333336,
    "total_r": -0.840765439999984,
    "profit_factor": 0.6216479206385636,
    "disabled": false,
    "disable_reason": ""
  },
  "Engulfing_Bar_V056": {
    "trades": 10,
    "wins": 7,
    "losses": 3,
    "winrate": 70.0,
    "total_r": 0.25374047999999094,
    "profit_factor": 1.2356265565168816,
    "disabled": false,
    "disable_reason": ""
  },
  "ORB_Breakout_5m": {
    "trades": 3,
    "wins": 0,
    "losses": 3,
    "winrate": 0.0,
    "total_r": -0.7559535800000159,
    "profit_factor": 0.0,
    "disabled": false,
    "disable_reason": ""
  },
  "RSI_MeanRev_5m": {
    "trades": 3,
    "wins": 2,
    "losses": 1,
    "winrate": 66.66666666666666,
    "total_r": -0.09630580000000458,
    "profit_factor": 0.6799070583189336,
    "disabled": false,
    "disable_reason": ""
  },
  "FVG_Scalp_1m": {
    "trades": 3,
    "wins": 1,
    "losses": 2,
    "winrate": 33.33333333333333,
    "total_r": 0.3090129174999927,
    "profit_factor": 1.593396703083627,
    "disabled": false,
    "disable_reason": ""
  }
}