{
  "Liquidity_Sweep_Scalp": {
    "trades": 29,
    "wins": 10,
    "losses": 19,
    "winrate": 34.48275862068966,
    "total_r": -2.4543336050000315,
    "profit_factor": 0.27374597724126115,
    "disabled": false,
    "disable_reason": ""
  },
  "Morning_Trap_Reversal": {
    "trades": 7,
    "wins": 1,
    "losses": 6,
    "winrate": 14.285714285714285,
    "total_r": -0.6558174750000105,
    "profit_factor": 0.5074608899782258,
    "disabled": false,
    "disable_reason": ""
  }
}