{
  "News_Fade": {
    "trades": 18,
    "wins": 2,
    "losses": 16,
    "winrate": 11.11111111111111,
    "total_r": -1.9798258419999855,
    "profit_factor": 0.015377770303894412,
    "disabled": false,
    "disable_reason": ""
  },
  "NY_Open_Reversal": {
    "trades": 40,
    "wins": 6,
    "losses": 34,
    "winrate": 15.0,
    "total_r": -4.147636549300031,
    "profit_factor": 0.2464623954877012,
    "disabled": false,
    "disable_reason": ""
  },
  "VWAP_Bounce_5m": {
    "trades": 10,
    "wins": 2,
    "losses": 8,
    "winrate": 20.0,
    "total_r": -1.1245416100000125,
    "profit_factor": 0.09277623201369728,
    "disabled": false,
    "disable_reason": ""
  },
  "BOS_Scalp_1m": {
    "trades": 60,
    "wins": 12,
    "losses": 48,
    "winrate": 20.0,
    "total_r": -9.341311930000021,
    "profit_factor": 0.1518144565853101,
    "disabled": false,
    "disable_reason": ""
  },
  "Engulfing_Bar_V056": {
    "trades": 40,
    "wins": 9,
    "losses": 31,
    "winrate": 22.5,
    "total_r": -4.165036035000026,
    "profit_factor": 0.34101179665461306,
    "disabled": false,
    "disable_reason": ""
  },
  "ORB_Breakout_5m": {
    "trades": 23,
    "wins": 3,
    "losses": 20,
    "winrate": 13.043478260869565,
    "total_r": -3.256386080000024,
    "profit_factor": 0.21539219541950844,
    "disabled": false,
    "disable_reason": ""
  },
  "RSI_MeanRev_5m": {
    "trades": 16,
    "wins": 6,
    "losses": 10,
    "winrate": 37.5,
    "total_r": -0.25372341499998974,
    "profit_factor": 0.7494312307704805,
    "disabled": false,
    "disable_reason": ""
  },
  "FVG_Scalp_1m": {
    "trades": 15,
    "wins": 7,
    "losses": 8,
    "winrate": 46.666666666666664,
    "total_r": -0.15825709250001693,
    "profit_factor": 0.8980220531844689,
    "disabled": false,
    "disable_reason": ""
  },
  "EMA_Cross_5m": {
    "trades": 1,
    "wins": 0,
    "losses": 1,
    "winrate": 0.0,
    "total_r": -0.03406660000001068,
    "profit_factor": 0.0,
    "disabled": false,
    "disable_reason": ""
  },
  "Liquidity_Raid_V056": {
    "trades": 8,
    "wins": 2,
    "losses": 6,
    "winrate": 25.0,
    "total_r": 0.027443960000008677,
    "profit_factor": 1.0482950624966687,
    "disabled": false,
    "disable_reason": ""
  },
  "FVG_Fill_V065": {
    "trades": 3,
    "wins": 2,
    "losses": 1,
    "winrate": 66.66666666666666,
    "total_r": 0.09269000000000001,
    "profit_factor": 1.8081785683145963,
    "disabled": false,
    "disable_reason": ""
  }
}