{
  "News_Fade": {
    "trades": 18,
    "wins": 5,
    "losses": 13,
    "winrate": 27.77777777777778,
    "total_r": -1.7230210900999883,
    "profit_factor": 0.08292659074229242,
    "disabled": false,
    "disable_reason": ""
  },
  "NY_Open_Reversal": {
    "trades": 40,
    "wins": 10,
    "losses": 30,
    "winrate": 25.0,
    "total_r": -2.9898991159000357,
    "profit_factor": 0.4331672881165723,
    "disabled": false,
    "disable_reason": ""
  },
  "BOS_Scalp_1m": {
    "trades": 60,
    "wins": 14,
    "losses": 46,
    "winrate": 23.333333333333332,
    "total_r": -9.4306419196,
    "profit_factor": 0.1244353081176863,
    "disabled": false,
    "disable_reason": ""
  },
  "VWAP_Bounce_5m": {
    "trades": 10,
    "wins": 2,
    "losses": 8,
    "winrate": 20.0,
    "total_r": -1.144465700000013,
    "profit_factor": 0.0920294776763794,
    "disabled": false,
    "disable_reason": ""
  },
  "Engulfing_Bar_V056": {
    "trades": 40,
    "wins": 9,
    "losses": 31,
    "winrate": 22.5,
    "total_r": -5.248680087999989,
    "profit_factor": 0.1761932863386562,
    "disabled": false,
    "disable_reason": ""
  },
  "ORB_Breakout_5m": {
    "trades": 23,
    "wins": 8,
    "losses": 15,
    "winrate": 34.78260869565217,
    "total_r": -2.5741498904000415,
    "profit_factor": 0.30902381479325386,
    "disabled": false,
    "disable_reason": ""
  },
  "RSI_MeanRev_5m": {
    "trades": 16,
    "wins": 8,
    "losses": 8,
    "winrate": 50.0,
    "total_r": -0.41204077999999394,
    "profit_factor": 0.5565675552618192,
    "disabled": false,
    "disable_reason": ""
  },
  "FVG_Scalp_1m": {
    "trades": 15,
    "wins": 9,
    "losses": 6,
    "winrate": 60.0,
    "total_r": -0.3432737500000116,
    "profit_factor": 0.775308536163696,
    "disabled": false,
    "disable_reason": ""
  },
  "EMA_Cross_5m": {
    "trades": 1,
    "wins": 1,
    "losses": 0,
    "winrate": 100.0,
    "total_r": 0.06982288000000321,
    "profit_factor": Infinity,
    "disabled": false,
    "disable_reason": ""
  },
  "Liquidity_Raid_V056": {
    "trades": 8,
    "wins": 2,
    "losses": 6,
    "winrate": 25.0,
    "total_r": -0.2756597400000025,
    "profit_factor": 0.5210371503229985,
    "disabled": false,
    "disable_reason": ""
  },
  "FVG_Fill_V065": {
    "trades": 3,
    "wins": 2,
    "losses": 1,
    "winrate": 66.66666666666666,
    "total_r": 0.09424000000000007,
    "profit_factor": 1.8105969378978248,
    "disabled": false,
    "disable_reason": ""
  }
}