{
  "FVG_Fill_Scalp": {
    "trades": 2,
    "total_R": 1.0637199999999984,
    "expectancy_R": 0.5318599999999992
  },
  "Liquidity_Sweep_Scalp": {
    "trades": 2,
    "total_R": 0.3741650000000076,
    "expectancy_R": 0.1870825000000038
  },
  "Morning_Trap_Reversal": {
    "trades": 2,
    "total_R": -0.5251399999999857,
    "expectancy_R": -0.1982499999999942
  },
  "NY_Open_Reversal": {
    "trades": 2,
    "total_R": 0.9649399999999966,
    "expectancy_R": 0.17200000000000143
  },
  "Session_Open_Scalp": {
    "trades": 2,
    "total_R": 1.6125199999999973,
    "expectancy_R": 0.8062599999999986
  },
  "Trend_Continuation_FVG_Retest": {
    "trades": 2,
    "total_R": 2.616169999999989,
    "expectancy_R": 1.3080849999999944
  }
}