{
  "r_multiples": [
    0.6209399999999937,
    -0.12863999999999726,
    0.6333650000000021,
    -0.2591999999999945,
    1.279799999999987,
    0.5216399999999962,
    -0.26785999999999116,
    0.7884800000000032,
    1.336370000000002,
    -0.27693999999999086,
    0.5420800000000022,
    0.824039999999994
  ],
  "mean": 0.4678395833333339,
  "median": 0.581509999999998,
  "trades_above_1r": 2,
  "trades_above_2r": 0
}