{
  "r_multiples": [
    4.937500000000056,
    2.4691629955947416,
    -1.0,
    -1.0,
    -1.0,
    4.937500000000056,
    4.937500000000056,
    1.9687500000000278,
    1.9687500000000278
  ],
  "mean": 2.024351443954996,
  "median": 1.9687500000000278,
  "trades_above_1r": 6,
  "trades_above_2r": 4
}