{
  "r_multiples": [
    4.937500000000056
  ],
  "mean": 4.937500000000056,
  "median": 4.937500000000056,
  "trades_above_1r": 1,
  "trades_above_2r": 1
}