{
  "run_total_r": -0.08968279999999777,
  "run_peak_r": 0.10910720000000357,
  "max_drawdown_r": 0.23801039999999504,
  "current_drawdown_r": 0.19879000000000135,
  "final_balance": 49910.31720000002,
  "initial_capital": 50000.0,
  "trading_mode": "AGGRESSIVE",
  "run_stopped": false,
  "disabled_playbooks": [],
  "stop_run_triggered": false,
  "stop_run_time": null,
  "stop_run_reason": ""
}