{
  "run_total_r": -4.448039999999848,
  "run_peak_r": 1.183550000000002,
  "max_drawdown_r": 5.63158999999985,
  "current_drawdown_r": 5.63158999999985,
  "final_balance": 45551.960000000145,
  "initial_capital": 50000.0,
  "trading_mode": "AGGRESSIVE",
  "run_stopped": false,
  "disabled_playbooks": [],
  "stop_run_triggered": false,
  "stop_run_time": null,
  "stop_run_reason": ""
}