{
  "run_total_r": 0.7849250000000296,
  "run_peak_r": 1.753225000000004,
  "max_drawdown_r": 0.9682999999999744,
  "current_drawdown_r": 0.9682999999999744,
  "final_balance": 50784.92500000003,
  "initial_capital": 50000.0,
  "trading_mode": "AGGRESSIVE",
  "run_stopped": false,
  "disabled_playbooks": [],
  "stop_run_triggered": false,
  "stop_run_time": null,
  "stop_run_reason": ""
}