{
  "run_total_r": -23.977769194000057,
  "run_peak_r": 0.09100328239999007,
  "max_drawdown_r": 24.068772476400046,
  "current_drawdown_r": 24.068772476400046,
  "final_balance": 26022.230805999934,
  "initial_capital": 50000.0,
  "trading_mode": "AGGRESSIVE",
  "run_stopped": false,
  "disabled_playbooks": [],
  "stop_run_triggered": false,
  "stop_run_time": null,
  "stop_run_reason": ""
}