{
  "run_total_r": -24.340651193800102,
  "run_peak_r": 0.18938389999999064,
  "max_drawdown_r": 24.530035093800095,
  "current_drawdown_r": 24.530035093800095,
  "final_balance": 25659.34880619992,
  "initial_capital": 50000.0,
  "trading_mode": "AGGRESSIVE",
  "run_stopped": false,
  "disabled_playbooks": [],
  "stop_run_triggered": false,
  "stop_run_time": null,
  "stop_run_reason": ""
}