{
  "run_total_r": 0.3860500000000234,
  "run_peak_r": 1.183550000000002,
  "max_drawdown_r": 0.7974999999999788,
  "current_drawdown_r": 0.7974999999999788,
  "final_balance": 50386.050000000025,
  "initial_capital": 50000.0,
  "trading_mode": "AGGRESSIVE",
  "run_stopped": false,
  "disabled_playbooks": [],
  "stop_run_triggered": false,
  "stop_run_time": null,
  "stop_run_reason": ""
}