{
  "run_total_r": -10.775250422799955,
  "run_peak_r": 0.26357952000000096,
  "max_drawdown_r": 11.145879942799954,
  "current_drawdown_r": 11.038829942799955,
  "final_balance": 39224.749577200055,
  "initial_capital": 50000.0,
  "trading_mode": "AGGRESSIVE",
  "run_stopped": false,
  "disabled_playbooks": [],
  "stop_run_triggered": false,
  "stop_run_time": null,
  "stop_run_reason": ""
}