{
  "run_total_r": -4.095709999999848,
  "run_peak_r": 1.8334100000000046,
  "max_drawdown_r": 5.929119999999852,
  "current_drawdown_r": 5.929119999999852,
  "final_balance": 45904.29000000016,
  "initial_capital": 50000.0,
  "trading_mode": "AGGRESSIVE",
  "run_stopped": false,
  "disabled_playbooks": [],
  "stop_run_triggered": false,
  "stop_run_time": null,
  "stop_run_reason": ""
}