{
  "run_total_r": -7.594087254350098,
  "run_peak_r": 1.9949620398999872,
  "max_drawdown_r": 9.76349549425009,
  "current_drawdown_r": 9.589049294250085,
  "final_balance": 42405.91274564992,
  "initial_capital": 50000.0,
  "trading_mode": "AGGRESSIVE",
  "run_stopped": false,
  "disabled_playbooks": [],
  "stop_run_triggered": false,
  "stop_run_time": null,
  "stop_run_reason": ""
}