{
  "run_total_r": -1.748198192500022,
  "run_peak_r": 0.18938389999999064,
  "max_drawdown_r": 4.06122944000001,
  "current_drawdown_r": 1.9375820925000127,
  "final_balance": 48251.80180749999,
  "initial_capital": 50000.0,
  "trading_mode": "AGGRESSIVE",
  "run_stopped": false,
  "disabled_playbooks": [],
  "stop_run_triggered": false,
  "stop_run_time": null,
  "stop_run_reason": ""
}