{
  "run_id": "job_b0519347",
  "status": "OK",
  "timestamp": "2026-01-22T11:38:44.912418",
  "entry_price_validation": {
    "entry_price_mean": 630.0073045454545,
    "entry_price_median": 629.895,
    "entry_price_std": 1.3986671358109168,
    "entry_price_vs_market": {
      "SPY": {
        "entry_price_mean": 630.0073045454545,
        "market_close_mean": 629.3498737869493,
        "market_close_std": 2.3039926182108488,
        "entry_vs_market_diff": 0.6574307585052566,
        "entry_vs_market_diff_pct": 0.10446188771745323
      }
    },
    "placeholder_detected": false
  },
  "duration_validation": {
    "zero_duration_count": 0,
    "zero_duration_pct": 0.0,
    "duration_mean_minutes": 841.8636363636364,
    "duration_median_minutes": 592.5,
    "total_trades_with_duration": 22
  },
  "session_validation": {
    "unknown_session_count": 0,
    "unknown_session_pct": 0.0,
    "session_distribution": {},
    "total_trades_with_session": 0
  },
  "costs_breakdown": {
    "total_slippage": 1207.8600000000001,
    "total_spread": 241.60999999999999,
    "total_commission": 44.0,
    "total_reg_fees": 6.380000000000001,
    "total_costs": 1499.8499999999995,
    "costs_per_trade_avg": 68.17499999999997,
    "slippage_double_counting_detected": false
  },
  "stability_metrics": {
    "total_trades": 22,
    "winrate_pct": 36.36363636363637,
    "expectancy_net_R": -0.0787073363636357,
    "total_r_net": -1.7315613999999846,
    "avg_win_r": 0.16074973749999816,
    "avg_loss_r": -0.21553994999999787
  },
  "sanity_checks": {
    "entry_price_valid": true,
    "duration_valid": true,
    "session_valid": true,
    "costs_valid": true,
    "stability_valid": true
  }
}