{
  "FVG_Fill_Scalp": {
    "trades": 717,
    "wins": 228,
    "losses": 489,
    "winrate": 31.799163179916317,
    "total_r": -29.71564256049998,
    "profit_factor": 0.3764481132809619,
    "disabled": false,
    "disable_reason": ""
  }
}