{
  "run_total_r": -29.71564256049998,
  "run_peak_r": 0.5781413749999834,
  "max_drawdown_r": 30.30696393549997,
  "current_drawdown_r": 30.293783935499963,
  "final_balance": 20284.357439499978,
  "initial_capital": 50000.0,
  "trading_mode": "AGGRESSIVE",
  "run_stopped": false,
  "disabled_playbooks": [],
  "stop_run_triggered": false,
  "stop_run_time": null,
  "stop_run_reason": ""
}