{
  "Liquidity_Sweep_Scalp": {
    "trades": 326,
    "wins": 31,
    "losses": 295,
    "winrate": 9.509202453987731,
    "total_r": -14.562860825500113,
    "profit_factor": 0.03445351801820761,
    "disabled": false,
    "disable_reason": ""
  },
  "FVG_Fill_Scalp": {
    "trades": 47,
    "wins": 7,
    "losses": 40,
    "winrate": 14.893617021276595,
    "total_r": -2.014391099999994,
    "profit_factor": 0.03556009625673366,
    "disabled": false,
    "disable_reason": ""
  },
  "Morning_Trap_Reversal": {
    "trades": 97,
    "wins": 6,
    "losses": 91,
    "winrate": 6.185567010309279,
    "total_r": -9.230542248499955,
    "profit_factor": 0.032884196603233246,
    "disabled": false,
    "disable_reason": ""
  },
  "Trend_Continuation_FVG_Retest": {
    "trades": 9,
    "wins": 0,
    "losses": 9,
    "winrate": 0.0,
    "total_r": -0.5457700000000001,
    "profit_factor": 0.0,
    "disabled": false,
    "disable_reason": ""
  },
  "News_Fade": {
    "trades": 18,
    "wins": 5,
    "losses": 13,
    "winrate": 27.77777777777778,
    "total_r": -0.8325371499999532,
    "profit_factor": 0.3251403898666495,
    "disabled": false,
    "disable_reason": ""
  },
  "Session_Open_Scalp": {
    "trades": 6,
    "wins": 1,
    "losses": 5,
    "winrate": 16.666666666666664,
    "total_r": -0.5123570999999951,
    "profit_factor": 0.18683427790027632,
    "disabled": false,
    "disable_reason": ""
  }
}