{
  "config": {
    "cohort_playbooks": [
      "News_Fade",
      "Engulfing_Bar_V056",
      "Session_Open_Scalp",
      "Liquidity_Sweep_Scalp"
    ],
    "corpus_weeks": [
      "jun_w3",
      "aug_w3",
      "oct_w2",
      "nov_w4"
    ],
    "vix_band_low": 15.0,
    "vix_band_high": 25.0,
    "vix_source": "yfinance ^VIX daily close"
  },
  "baseline_cohort": {
    "n": 90,
    "WR": 0.36666666666666664,
    "E_R": -0.02148558132933254,
    "PF": 0.7689176590516312,
    "total_R": -1.9337023196399286,
    "peak_R_p80": 1.013282622710053,
    "mae_R_p20": -0.7567351222481205
  },
  "subset_fertile_15_25": {
    "n": 82,
    "WR": 0.32926829268292684,
    "E_R": -0.02843409131268254,
    "PF": 0.7128419754198378,
    "total_R": -2.3315954876399685,
    "peak_R_p80": 1.0082930245131685,
    "mae_R_p20": -0.8067585650832242
  },
  "subset_low_lt_15": {
    "n": 8,
    "WR": 0.75,
    "E_R": 0.049736646000005,
    "PF": 2.6013891877209177,
    "total_R": 0.39789316800004,
    "peak_R_p80": 1.144358683362376,
    "mae_R_p20": -0.4278106238936876
  },
  "subset_panic_ge_25": {
    "n": 0,
    "WR": null,
    "E_R": null,
    "PF": null,
    "total_R": 0.0
  },
  "delta_fertile_vs_baseline": {
    "E_R": -0.006948509983350001,
    "n_share": 0.9111111111111111
  },
  "per_playbook_fertile": {
    "News_Fade": {
      "n": 9,
      "WR": 0.3333333333333333,
      "E_R": -0.008936273911112192,
      "PF": 0.9218600378664835,
      "total_R": -0.08042646520000973,
      "peak_R_p80": 1.148728534776572,
      "mae_R_p20": -1.1232357663738657
    },
    "Engulfing_Bar_V056": {
      "n": 24,
      "WR": 0.4166666666666667,
      "E_R": -0.0005745649416664713,
      "PF": 0.9953045555975127,
      "total_R": -0.01378955859999531,
      "peak_R_p80": 1.0802804280329068,
      "mae_R_p20": -0.8930161113969546
    },
    "Session_Open_Scalp": {
      "n": 10,
      "WR": 0.3,
      "E_R": -0.03398004850000015,
      "PF": 0.511408642948197,
      "total_R": -0.3398004850000015,
      "peak_R_p80": 1.0936105262408775,
      "mae_R_p20": -1.0574027922331417
    },
    "Liquidity_Sweep_Scalp": {
      "n": 39,
      "WR": 0.28205128205128205,
      "E_R": -0.048655871252306714,
      "PF": 0.4512541513075461,
      "total_R": -1.8975789788399617,
      "peak_R_p80": 0.6532339229429732,
      "mae_R_p20": -0.531522138747618
    }
  },
  "per_playbook_baseline": {
    "News_Fade": {
      "n": 10,
      "WR": 0.4,
      "E_R": 0.0011983534799992813,
      "PF": 1.0116428460851592,
      "total_R": 0.011983534799992812,
      "peak_R_p80": 0.9560464204046383,
      "mae_R_p20": -1.1198352208497055
    },
    "Engulfing_Bar_V056": {
      "n": 26,
      "WR": 0.38461538461538464,
      "E_R": -0.01008680994615349,
      "PF": 0.9176654853919628,
      "total_R": -0.2622570585999907,
      "peak_R_p80": 1.0696287154170845,
      "mae_R_p20": -0.8140302030686886
    },
    "Session_Open_Scalp": {
      "n": 12,
      "WR": 0.4166666666666667,
      "E_R": -0.013858404416665894,
      "PF": 0.7608798014336633,
      "total_R": -0.16630085299999073,
      "peak_R_p80": 0.9849894971814825,
      "mae_R_p20": -1.0067227789832993
    },
    "Liquidity_Sweep_Scalp": {
      "n": 42,
      "WR": 0.3333333333333333,
      "E_R": -0.03612209387714144,
      "PF": 0.5612737757678584,
      "total_R": -1.5171279428399402,
      "peak_R_p80": 0.9051618645500772,
      "mae_R_p20": -0.5214445280337113
    }
  },
  "band_shares": {
    "fertile": 0.9111111111111111,
    "low": 0.08888888888888889,
    "panic": 0.0
  }
}