{
  "Liquidity_Sweep_Scalp": {
    "trades": 319,
    "wins": 52,
    "losses": 267,
    "winrate": 16.30094043887147,
    "total_r": -16.565463779999995,
    "profit_factor": 0.15210783178100862,
    "disabled": false,
    "disable_reason": ""
  },
  "Morning_Trap_Reversal": {
    "trades": 68,
    "wins": 6,
    "losses": 62,
    "winrate": 8.823529411764707,
    "total_r": -6.7616710494998955,
    "profit_factor": 0.18898509862071017,
    "disabled": false,
    "disable_reason": ""
  }
}