{
  "run_total_r": -23.327134829499904,
  "run_peak_r": 0.2801440000000044,
  "max_drawdown_r": 23.66553882949991,
  "current_drawdown_r": 23.607278829499908,
  "final_balance": 26672.86517050017,
  "initial_capital": 50000.0,
  "trading_mode": "AGGRESSIVE",
  "run_stopped": false,
  "disabled_playbooks": [],
  "stop_run_triggered": false,
  "stop_run_time": null,
  "stop_run_reason": ""
}