{
  "run_total_r": -0.9167512200000254,
  "run_peak_r": 0.19181552599999618,
  "max_drawdown_r": 1.9722375599999897,
  "current_drawdown_r": 1.1085667460000215,
  "final_balance": 49083.248779999965,
  "initial_capital": 50000.0,
  "trading_mode": "AGGRESSIVE",
  "run_stopped": false,
  "disabled_playbooks": [],
  "stop_run_triggered": false,
  "stop_run_time": null,
  "stop_run_reason": ""
}