{
  "run_total_r": -3.1104147922000096,
  "run_peak_r": 0.046061999999992234,
  "max_drawdown_r": 3.1564767922000017,
  "current_drawdown_r": 3.1564767922000017,
  "final_balance": 46889.58520779998,
  "initial_capital": 50000.0,
  "trading_mode": "AGGRESSIVE",
  "run_stopped": false,
  "disabled_playbooks": [],
  "stop_run_triggered": false,
  "stop_run_time": null,
  "stop_run_reason": ""
}