{
  "run_id": "miniweek_aplus01_v2_aplus01_v2_true_htf_sep_w1",
  "n_setups": 20,
  "components": {
    "liquidity_sweep_score": {
      "min": 0.3,
      "median": 0.3,
      "p90": 0.3
    },
    "bos_strength_score": {
      "min": 0.19547269098653808,
      "median": 0.6066276690644296,
      "p90": 0.6066276690644296
    },
    "fvg_quality_score": {
      "min": 0.5652624017780129,
      "median": 0.5652624017780129,
      "p90": 0.5652624017780129
    },
    "pattern_quality_score": {
      "min": 0.9666666666666667,
      "median": 1.0,
      "p90": 1.0
    }
  },
  "flags": {
    "sweep_detected_pct": 0.0,
    "bos_detected_pct": 100.0,
    "fvg_detected_pct": 100.0,
    "pattern_detected_pct": 100.0
  },
  "quality_distribution": {
    "A+": 20
  }
}