{
  "Liquidity_Sweep_Scalp": {
    "trades": 12,
    "wins": 1,
    "losses": 11,
    "winrate": 8.333333333333332,
    "total_r": -1.7264118039999987,
    "profit_factor": 0.030410772844437294,
    "disabled": false,
    "disable_reason": ""
  },
  "Morning_Trap_Reversal": {
    "trades": 8,
    "wins": 0,
    "losses": 8,
    "winrate": 0.0,
    "total_r": -2.8807380399999865,
    "profit_factor": 0.0,
    "disabled": false,
    "disable_reason": ""
  },
  "Engulfing_Bar_V056": {
    "trades": 8,
    "wins": 2,
    "losses": 6,
    "winrate": 25.0,
    "total_r": -0.78917359999998,
    "profit_factor": 0.23214925431776218,
    "disabled": false,
    "disable_reason": ""
  },
  "BOS_Scalp_1m": {
    "trades": 12,
    "wins": 4,
    "losses": 8,
    "winrate": 33.33333333333333,
    "total_r": -1.7589221040000191,
    "profit_factor": 0.1651286582796404,
    "disabled": false,
    "disable_reason": ""
  }
}