{
  "Aplus_03_v2": {
    "trades": 7,
    "wins": 3,
    "losses": 4,
    "winrate": 42.857142857142854,
    "total_r": -0.10661022297499988,
    "profit_factor": 0.48022267263376406,
    "disabled": false,
    "disable_reason": ""
  }
}