{
  "run_total_r": -0.10661022297499988,
  "run_peak_r": 0.08894007702500155,
  "max_drawdown_r": 0.19555030000000143,
  "current_drawdown_r": 0.19555030000000143,
  "final_balance": 49893.389777025,
  "initial_capital": 50000.0,
  "trading_mode": "AGGRESSIVE",
  "run_stopped": false,
  "disabled_playbooks": [],
  "stop_run_triggered": false,
  "stop_run_time": null,
  "stop_run_reason": ""
}