{
  "Liquidity_Sweep_Scalp": {
    "trades": 199,
    "wins": 41,
    "losses": 158,
    "winrate": 20.603015075376884,
    "total_r": -11.972651007500048,
    "profit_factor": 0.12126342758901229,
    "disabled": false,
    "disable_reason": ""
  },
  "Session_Open_Scalp": {
    "trades": 9,
    "wins": 3,
    "losses": 6,
    "winrate": 33.33333333333333,
    "total_r": -0.11712437499998135,
    "profit_factor": 0.8336139005052219,
    "disabled": false,
    "disable_reason": ""
  },
  "Morning_Trap_Reversal": {
    "trades": 79,
    "wins": 24,
    "losses": 55,
    "winrate": 30.37974683544304,
    "total_r": 6.907899340499714,
    "profit_factor": 1.9256463819826937,
    "disabled": false,
    "disable_reason": ""
  },
  "Trend_Continuation_FVG_Retest": {
    "trades": 95,
    "wins": 20,
    "losses": 75,
    "winrate": 21.052631578947366,
    "total_r": -5.289641267500015,
    "profit_factor": 0.5054686689208912,
    "disabled": false,
    "disable_reason": ""
  },
  "NY_Open_Reversal": {
    "trades": 17,
    "wins": 4,
    "losses": 13,
    "winrate": 23.52941176470588,
    "total_r": -1.538498699999992,
    "profit_factor": 0.1091359990021822,
    "disabled": false,
    "disable_reason": ""
  },
  "News_Fade": {
    "trades": 9,
    "wins": 5,
    "losses": 4,
    "winrate": 55.55555555555556,
    "total_r": 0.03548000000001306,
    "profit_factor": 1.1517796030117007,
    "disabled": false,
    "disable_reason": ""
  },
  "FVG_Fill_Scalp": {
    "trades": 17,
    "wins": 5,
    "losses": 12,
    "winrate": 29.411764705882355,
    "total_r": -1.8020042499999895,
    "profit_factor": 0.1460547621657964,
    "disabled": false,
    "disable_reason": ""
  }
}