{
  "HTF_Bias_15m_BOS": {
    "trades": 5,
    "wins": 2,
    "losses": 3,
    "winrate": 40.0,
    "total_r": -0.26913580500000167,
    "profit_factor": 0.4819490280637463,
    "disabled": false,
    "disable_reason": ""
  }
}