{
  "run_total_r": -0.26913580500000167,
  "run_peak_r": 0.17250434499999548,
  "max_drawdown_r": 0.471926070000002,
  "current_drawdown_r": 0.4416401499999971,
  "final_balance": 49730.864194999995,
  "initial_capital": 50000.0,
  "trading_mode": "AGGRESSIVE",
  "run_stopped": false,
  "disabled_playbooks": [],
  "stop_run_triggered": false,
  "stop_run_time": null,
  "stop_run_reason": ""
}