{
  "Session_Open_Scalp": {
    "trades": 29,
    "wins": 13,
    "losses": 16,
    "winrate": 44.827586206896555,
    "total_r": -0.0656433344999742,
    "profit_factor": 0.9836328395219501,
    "disabled": false,
    "disable_reason": ""
  },
  "Liquidity_Sweep_Scalp": {
    "trades": 63,
    "wins": 21,
    "losses": 42,
    "winrate": 33.33333333333333,
    "total_r": -4.342528389999815,
    "profit_factor": 0.30098511085646545,
    "disabled": false,
    "disable_reason": ""
  },
  "Morning_Trap_Reversal": {
    "trades": 42,
    "wins": 10,
    "losses": 32,
    "winrate": 23.809523809523807,
    "total_r": -2.6484557084999567,
    "profit_factor": 0.6706471016026581,
    "disabled": false,
    "disable_reason": ""
  },
  "FVG_Fill_Scalp": {
    "trades": 54,
    "wins": 25,
    "losses": 29,
    "winrate": 46.2962962962963,
    "total_r": -0.17604530699998627,
    "profit_factor": 0.967523306023238,
    "disabled": false,
    "disable_reason": ""
  },
  "News_Fade": {
    "trades": 9,
    "wins": 3,
    "losses": 6,
    "winrate": 33.33333333333333,
    "total_r": -0.29661785049998013,
    "profit_factor": 0.6079459390461897,
    "disabled": false,
    "disable_reason": ""
  },
  "NY_Open_Reversal": {
    "trades": 11,
    "wins": 4,
    "losses": 7,
    "winrate": 36.36363636363637,
    "total_r": -2.040525599999941,
    "profit_factor": 0.11982292638189071,
    "disabled": false,
    "disable_reason": ""
  },
  "HTF_Bias_15m_BOS": {
    "trades": 6,
    "wins": 0,
    "losses": 6,
    "winrate": 0.0,
    "total_r": -1.1616757819999828,
    "profit_factor": 0.0,
    "disabled": false,
    "disable_reason": ""
  },
  "IFVG_5m_Sweep": {
    "trades": 12,
    "wins": 0,
    "losses": 12,
    "winrate": 0.0,
    "total_r": -2.438580381999984,
    "profit_factor": 0.0,
    "disabled": false,
    "disable_reason": ""
  }
}