{
  "Liquidity_Sweep_Scalp": {
    "trades": 225,
    "wins": 14,
    "losses": 211,
    "winrate": 6.222222222222222,
    "total_r": -10.42394240000004,
    "profit_factor": 0.03987085417923105,
    "disabled": false,
    "disable_reason": ""
  },
  "News_Fade": {
    "trades": 7,
    "wins": 0,
    "losses": 7,
    "winrate": 0.0,
    "total_r": -0.8534969999999648,
    "profit_factor": 0.0,
    "disabled": false,
    "disable_reason": ""
  },
  "Morning_Trap_Reversal": {
    "trades": 79,
    "wins": 21,
    "losses": 58,
    "winrate": 26.582278481012654,
    "total_r": -3.953599742000036,
    "profit_factor": 0.4766485834269749,
    "disabled": false,
    "disable_reason": ""
  },
  "Session_Open_Scalp": {
    "trades": 21,
    "wins": 7,
    "losses": 14,
    "winrate": 33.33333333333333,
    "total_r": -1.8093533190000215,
    "profit_factor": 0.14018382755735534,
    "disabled": false,
    "disable_reason": ""
  },
  "FVG_Fill_Scalp": {
    "trades": 68,
    "wins": 13,
    "losses": 55,
    "winrate": 19.11764705882353,
    "total_r": -3.10812945550001,
    "profit_factor": 0.08715111641737186,
    "disabled": false,
    "disable_reason": ""
  },
  "Trend_Continuation_FVG_Retest": {
    "trades": 118,
    "wins": 20,
    "losses": 98,
    "winrate": 16.94915254237288,
    "total_r": -4.347919448499979,
    "profit_factor": 0.2661175815346736,
    "disabled": false,
    "disable_reason": ""
  },
  "NY_Open_Reversal": {
    "trades": 10,
    "wins": 1,
    "losses": 9,
    "winrate": 10.0,
    "total_r": -0.5238587499999885,
    "profit_factor": 0.0008773289149015001,
    "disabled": false,
    "disable_reason": ""
  }
}