{
  "HTF_Bias_15m_BOS_v2": {
    "trades": 8,
    "wins": 4,
    "losses": 4,
    "winrate": 50.0,
    "total_r": -1.5167355400000129,
    "profit_factor": 0.19907803077652694,
    "disabled": false,
    "disable_reason": ""
  }
}