{
  "Liquidity_Sweep_Scalp": {
    "trades": 313,
    "wins": 32,
    "losses": 281,
    "winrate": 10.223642172523961,
    "total_r": -16.766102700000005,
    "profit_factor": 0.05077743999289571,
    "disabled": false,
    "disable_reason": ""
  },
  "Session_Open_Scalp": {
    "trades": 6,
    "wins": 0,
    "losses": 6,
    "winrate": 0.0,
    "total_r": -0.5768017000000207,
    "profit_factor": 0.0,
    "disabled": false,
    "disable_reason": ""
  },
  "News_Fade": {
    "trades": 11,
    "wins": 1,
    "losses": 10,
    "winrate": 9.090909090909092,
    "total_r": -0.7037501000000245,
    "profit_factor": 0.040807419917487174,
    "disabled": false,
    "disable_reason": ""
  },
  "Morning_Trap_Reversal": {
    "trades": 102,
    "wins": 10,
    "losses": 92,
    "winrate": 9.803921568627452,
    "total_r": -4.980979645,
    "profit_factor": 0.3025674941472968,
    "disabled": false,
    "disable_reason": ""
  }
}