{
  "Liquidity_Sweep_Scalp": {
    "trades": 269,
    "wins": 31,
    "losses": 238,
    "winrate": 11.524163568773234,
    "total_r": -14.619357527999915,
    "profit_factor": 0.10798271563264086,
    "disabled": false,
    "disable_reason": ""
  },
  "FVG_Fill_Scalp": {
    "trades": 61,
    "wins": 18,
    "losses": 43,
    "winrate": 29.508196721311474,
    "total_r": -2.8953248955000186,
    "profit_factor": 0.2716642004694717,
    "disabled": false,
    "disable_reason": ""
  },
  "Morning_Trap_Reversal": {
    "trades": 88,
    "wins": 8,
    "losses": 80,
    "winrate": 9.090909090909092,
    "total_r": -5.250592538499918,
    "profit_factor": 0.4761286173592966,
    "disabled": false,
    "disable_reason": ""
  },
  "Session_Open_Scalp": {
    "trades": 8,
    "wins": 0,
    "losses": 8,
    "winrate": 0.0,
    "total_r": -1.458110000000007,
    "profit_factor": 0.0,
    "disabled": false,
    "disable_reason": ""
  }
}