{
  "Engulfing_Bar_V056": {
    "trades": 8,
    "wins": 8,
    "losses": 0,
    "winrate": 100.0,
    "total_r": 1.3961843449999916,
    "profit_factor": Infinity,
    "disabled": false,
    "disable_reason": ""
  },
  "Liquidity_Sweep_Scalp": {
    "trades": 13,
    "wins": 6,
    "losses": 7,
    "winrate": 46.15384615384615,
    "total_r": -1.1564179169999933,
    "profit_factor": 0.3240632908242788,
    "disabled": false,
    "disable_reason": ""
  },
  "Morning_Trap_Reversal": {
    "trades": 8,
    "wins": 4,
    "losses": 4,
    "winrate": 50.0,
    "total_r": 2.3711953718999634,
    "profit_factor": 2.3171534513595398,
    "disabled": false,
    "disable_reason": ""
  },
  "Aplus_03_IFVG_Flip_5m": {
    "trades": 7,
    "wins": 3,
    "losses": 4,
    "winrate": 42.857142857142854,
    "total_r": -0.36203702000000804,
    "profit_factor": 0.43176698864552177,
    "disabled": false,
    "disable_reason": ""
  }
}