{
  "run_total_r": 2.248924779899953,
  "run_peak_r": 2.5445555249999985,
  "max_drawdown_r": 2.37603566700002,
  "current_drawdown_r": 0.2956307451000453,
  "final_balance": 52248.924779899964,
  "initial_capital": 50000.0,
  "trading_mode": "AGGRESSIVE",
  "run_stopped": false,
  "disabled_playbooks": [],
  "stop_run_triggered": false,
  "stop_run_time": null,
  "stop_run_reason": ""
}