{
  "run_total_r": -3.2225378850000337,
  "run_peak_r": 0.9981478000000082,
  "max_drawdown_r": 4.608737585000024,
  "current_drawdown_r": 4.220685685000042,
  "final_balance": 46777.46211499997,
  "initial_capital": 50000.0,
  "trading_mode": "AGGRESSIVE",
  "run_stopped": false,
  "disabled_playbooks": [],
  "stop_run_triggered": false,
  "stop_run_time": null,
  "stop_run_reason": ""
}