{
  "Morning_Trap_Reversal": {
    "trades": 8,
    "wins": 2,
    "losses": 6,
    "winrate": 25.0,
    "total_r": -2.4170559410999877,
    "profit_factor": 0.24458995065380948,
    "disabled": false,
    "disable_reason": ""
  },
  "BOS_Scalp_1m": {
    "trades": 12,
    "wins": 5,
    "losses": 7,
    "winrate": 41.66666666666667,
    "total_r": -1.3288573787200275,
    "profit_factor": 0.6159150625211285,
    "disabled": false,
    "disable_reason": ""
  },
  "Liquidity_Sweep_Scalp": {
    "trades": 12,
    "wins": 8,
    "losses": 4,
    "winrate": 66.66666666666666,
    "total_r": 0.1950111060000061,
    "profit_factor": 1.225044912511596,
    "disabled": false,
    "disable_reason": ""
  },
  "Engulfing_Bar_V056": {
    "trades": 8,
    "wins": 3,
    "losses": 5,
    "winrate": 37.5,
    "total_r": -2.7628557563500253,
    "profit_factor": 0.14185996471803752,
    "disabled": false,
    "disable_reason": ""
  }
}