{
  "run_total_r": -6.313757970170035,
  "run_peak_r": 0.7284585315800456,
  "max_drawdown_r": 7.04221650175008,
  "current_drawdown_r": 7.04221650175008,
  "final_balance": 43686.24202982994,
  "initial_capital": 50000.0,
  "trading_mode": "AGGRESSIVE",
  "run_stopped": false,
  "disabled_playbooks": [],
  "stop_run_triggered": false,
  "stop_run_time": null,
  "stop_run_reason": ""
}