{
  "Morning_Trap_Reversal": {
    "trades": 10,
    "wins": 2,
    "losses": 8,
    "winrate": 20.0,
    "total_r": -0.16140305499999402,
    "profit_factor": 0.8911511509261544,
    "disabled": false,
    "disable_reason": ""
  },
  "Engulfing_Bar_V056": {
    "trades": 7,
    "wins": 5,
    "losses": 2,
    "winrate": 71.42857142857143,
    "total_r": 1.3168940600000354,
    "profit_factor": 3.222054882573435,
    "disabled": false,
    "disable_reason": ""
  },
  "Liquidity_Sweep_Scalp": {
    "trades": 15,
    "wins": 5,
    "losses": 10,
    "winrate": 33.33333333333333,
    "total_r": -0.4566193175999592,
    "profit_factor": 0.4526774292565831,
    "disabled": false,
    "disable_reason": ""
  },
  "Aplus_03_IFVG_Flip_5m": {
    "trades": 2,
    "wins": 1,
    "losses": 1,
    "winrate": 50.0,
    "total_r": 0.10878999999999389,
    "profit_factor": 2.784905660377216,
    "disabled": false,
    "disable_reason": ""
  }
}