{
  "run_total_r": 0.8076616874000759,
  "run_peak_r": 1.3305466874000642,
  "max_drawdown_r": 1.4372758599999897,
  "current_drawdown_r": 0.5228849999999883,
  "final_balance": 50807.661687400076,
  "initial_capital": 50000.0,
  "trading_mode": "AGGRESSIVE",
  "run_stopped": false,
  "disabled_playbooks": [],
  "stop_run_triggered": false,
  "stop_run_time": null,
  "stop_run_reason": ""
}