{
  "News_Fade": {
    "trades": 113,
    "wins": 27,
    "losses": 86,
    "winrate": 23.893805309734514,
    "total_r": -1.4372832629389527,
    "profit_factor": 0.9558741953755793,
    "disabled": false,
    "disable_reason": ""
  }
}