{
  "News_Fade": {
    "trades": 48,
    "wins": 7,
    "losses": 41,
    "winrate": 14.583333333333334,
    "total_r": -7.460844049999595,
    "profit_factor": 0.5121914620469304,
    "disabled": true,
    "disable_reason": "PF=0.60 < 0.85 (after 30 trades)"
  }
}