{
  "BOS_Scalp_1m": {
    "trades": 15,
    "wins": 8,
    "losses": 7,
    "winrate": 53.333333333333336,
    "total_r": -0.9471274745600221,
    "profit_factor": 0.6496264669764306,
    "disabled": false,
    "disable_reason": ""
  },
  "Engulfing_Bar_V056": {
    "trades": 10,
    "wins": 7,
    "losses": 3,
    "winrate": 70.0,
    "total_r": 0.7703315949999883,
    "profit_factor": 1.6017369722395163,
    "disabled": false,
    "disable_reason": ""
  },
  "Liquidity_Sweep_Scalp": {
    "trades": 13,
    "wins": 7,
    "losses": 6,
    "winrate": 53.84615384615385,
    "total_r": 1.0042793449999994,
    "profit_factor": 2.0506423424413818,
    "disabled": false,
    "disable_reason": ""
  },
  "Morning_Trap_Reversal": {
    "trades": 8,
    "wins": 4,
    "losses": 4,
    "winrate": 50.0,
    "total_r": 2.248431929699966,
    "profit_factor": 2.2518577850510995,
    "disabled": false,
    "disable_reason": ""
  }
}