{
  "run_total_r": 3.075915395139931,
  "run_peak_r": 3.2949504951399353,
  "max_drawdown_r": 5.218145104999991,
  "current_drawdown_r": 0.21903510000000415,
  "final_balance": 53075.91539513994,
  "initial_capital": 50000.0,
  "trading_mode": "AGGRESSIVE",
  "run_stopped": false,
  "disabled_playbooks": [],
  "stop_run_triggered": false,
  "stop_run_time": null,
  "stop_run_reason": ""
}