{
  "Engulfing_Bar_V056": {
    "trades": 10,
    "wins": 4,
    "losses": 6,
    "winrate": 40.0,
    "total_r": -1.5309430651999816,
    "profit_factor": 0.11879244242077304,
    "disabled": false,
    "disable_reason": ""
  }
}