{
  "run_total_r": -1.5309430651999816,
  "run_peak_r": 0.005832180400019343,
  "max_drawdown_r": 1.536775245600001,
  "current_drawdown_r": 1.536775245600001,
  "final_balance": 48469.056934800006,
  "initial_capital": 50000.0,
  "trading_mode": "AGGRESSIVE",
  "run_stopped": false,
  "disabled_playbooks": [],
  "stop_run_triggered": false,
  "stop_run_time": null,
  "stop_run_reason": ""
}