{
  "Flag_Breakout_5m_v1": {
    "trades": 5,
    "wins": 1,
    "losses": 4,
    "winrate": 20.0,
    "total_r": -0.48409334000000337,
    "profit_factor": 0.01601371194506834,
    "disabled": false,
    "disable_reason": ""
  }
}