{
  "Morning_Trap_Reversal": {
    "trades": 8,
    "wins": 3,
    "losses": 5,
    "winrate": 37.5,
    "total_r": 1.0713133221999782,
    "profit_factor": 1.7428389014029044,
    "disabled": false,
    "disable_reason": ""
  },
  "BOS_Scalp_1m": {
    "trades": 15,
    "wins": 10,
    "losses": 5,
    "winrate": 66.66666666666666,
    "total_r": -0.05868553303999817,
    "profit_factor": 0.9759074469776523,
    "disabled": false,
    "disable_reason": ""
  },
  "Engulfing_Bar_V056": {
    "trades": 10,
    "wins": 7,
    "losses": 3,
    "winrate": 70.0,
    "total_r": 0.769403354999988,
    "profit_factor": 1.6066183133375358,
    "disabled": false,
    "disable_reason": ""
  },
  "Liquidity_Sweep_Scalp": {
    "trades": 13,
    "wins": 7,
    "losses": 6,
    "winrate": 53.84615384615385,
    "total_r": 1.0099892769999996,
    "profit_factor": 2.065590342526011,
    "disabled": false,
    "disable_reason": ""
  }
}