{
  "run_total_r": 2.792020421159967,
  "run_peak_r": 3.011055521159971,
  "max_drawdown_r": 4.018445249999978,
  "current_drawdown_r": 0.21903510000000415,
  "final_balance": 52792.02042115996,
  "initial_capital": 50000.0,
  "trading_mode": "AGGRESSIVE",
  "run_stopped": false,
  "disabled_playbooks": [],
  "stop_run_triggered": false,
  "stop_run_time": null,
  "stop_run_reason": ""
}