{
  "run_total_r": -4.502658603515617,
  "run_peak_r": 0.0,
  "max_drawdown_r": 4.502658603515617,
  "current_drawdown_r": 4.502658603515617,
  "final_balance": 45497.341396484386,
  "initial_capital": 50000.0,
  "trading_mode": "AGGRESSIVE",
  "run_stopped": false,
  "disabled_playbooks": []
}