{
  "run_total_r": -6.021106588439932,
  "run_peak_r": 0.0,
  "max_drawdown_r": 6.021106588439932,
  "current_drawdown_r": 6.021106588439932,
  "final_balance": 43978.893411560064,
  "initial_capital": 50000.0,
  "trading_mode": "AGGRESSIVE",
  "run_stopped": false,
  "disabled_playbooks": []
}