{
  "Liquidity_Sweep_Scalp": {
    "trades": 93,
    "wins": 24,
    "losses": 69,
    "winrate": 25.806451612903224,
    "total_r": -6.902102400000012,
    "profit_factor": 0.2662918503359199,
    "disabled": false,
    "disable_reason": ""
  },
  "FVG_Fill_Scalp": {
    "trades": 52,
    "wins": 12,
    "losses": 40,
    "winrate": 23.076923076923077,
    "total_r": -2.6504899749999957,
    "profit_factor": 0.06933140337814479,
    "disabled": false,
    "disable_reason": ""
  },
  "NY_Open_Reversal": {
    "trades": 60,
    "wins": 7,
    "losses": 53,
    "winrate": 11.666666666666666,
    "total_r": -5.15568882999996,
    "profit_factor": 0.37573456099791575,
    "disabled": false,
    "disable_reason": ""
  },
  "IFVG_5m_Sweep": {
    "trades": 58,
    "wins": 7,
    "losses": 51,
    "winrate": 12.068965517241379,
    "total_r": -2.066478854999988,
    "profit_factor": 0.6543579519692416,
    "disabled": false,
    "disable_reason": ""
  },
  "HTF_Bias_15m_BOS": {
    "trades": 28,
    "wins": 3,
    "losses": 25,
    "winrate": 10.714285714285714,
    "total_r": -1.1078288784999806,
    "profit_factor": 0.5958113680206106,
    "disabled": false,
    "disable_reason": ""
  },
  "Morning_Trap_Reversal": {
    "trades": 62,
    "wins": 8,
    "losses": 54,
    "winrate": 12.903225806451612,
    "total_r": -4.1637709589999305,
    "profit_factor": 0.4969134331599435,
    "disabled": false,
    "disable_reason": ""
  },
  "News_Fade": {
    "trades": 9,
    "wins": 1,
    "losses": 8,
    "winrate": 11.11111111111111,
    "total_r": -0.7731907000000003,
    "profit_factor": 0.10223622734039609,
    "disabled": false,
    "disable_reason": ""
  },
  "Session_Open_Scalp": {
    "trades": 33,
    "wins": 9,
    "losses": 24,
    "winrate": 27.27272727272727,
    "total_r": -2.3782207499999855,
    "profit_factor": 0.277805809045317,
    "disabled": false,
    "disable_reason": ""
  }
}