{
  "run_total_r": -25.197771347499838,
  "run_peak_r": 0.9628328000000226,
  "max_drawdown_r": 26.616756528499817,
  "current_drawdown_r": 26.16060414749986,
  "final_balance": 24802.228652500064,
  "initial_capital": 50000.0,
  "trading_mode": "AGGRESSIVE",
  "run_stopped": false,
  "disabled_playbooks": [],
  "stop_run_triggered": false,
  "stop_run_time": null,
  "stop_run_reason": ""
}