{
  "Engulfing_Bar_V056": {
    "trades": 10,
    "wins": 8,
    "losses": 2,
    "winrate": 80.0,
    "total_r": 0.3235115262000316,
    "profit_factor": 1.3423874308602177,
    "disabled": false,
    "disable_reason": ""
  }
}