{
  "run_total_r": 0.3235115262000316,
  "run_peak_r": 1.0776572359999856,
  "max_drawdown_r": 0.9448697499999863,
  "current_drawdown_r": 0.754145709799954,
  "final_balance": 50323.511526200025,
  "initial_capital": 50000.0,
  "trading_mode": "AGGRESSIVE",
  "run_stopped": false,
  "disabled_playbooks": [],
  "stop_run_triggered": false,
  "stop_run_time": null,
  "stop_run_reason": ""
}