{
  "Liquidity_Sweep_Scalp": {
    "trades": 15,
    "wins": 3,
    "losses": 12,
    "winrate": 20.0,
    "total_r": -3.47640259049993,
    "profit_factor": 0.09644513151731311,
    "disabled": false,
    "disable_reason": ""
  },
  "FVG_Fill_Scalp": {
    "trades": 15,
    "wins": 1,
    "losses": 14,
    "winrate": 6.666666666666667,
    "total_r": -2.5791703999999966,
    "profit_factor": 0.033837792270044874,
    "disabled": false,
    "disable_reason": ""
  },
  "NY_Open_Reversal": {
    "trades": 10,
    "wins": 4,
    "losses": 6,
    "winrate": 40.0,
    "total_r": -0.044634199999987356,
    "profit_factor": 0.9628529449607955,
    "disabled": false,
    "disable_reason": ""
  },
  "Morning_Trap_Reversal": {
    "trades": 51,
    "wins": 15,
    "losses": 36,
    "winrate": 29.411764705882355,
    "total_r": 2.4289114669998164,
    "profit_factor": 1.3270669897458647,
    "disabled": false,
    "disable_reason": ""
  },
  "News_Fade": {
    "trades": 2,
    "wins": 2,
    "losses": 0,
    "winrate": 100.0,
    "total_r": 0.14598999999999873,
    "profit_factor": Infinity,
    "disabled": false,
    "disable_reason": ""
  },
  "Session_Open_Scalp": {
    "trades": 4,
    "wins": 1,
    "losses": 3,
    "winrate": 25.0,
    "total_r": -0.6773212069999996,
    "profit_factor": 0.2570553925588626,
    "disabled": false,
    "disable_reason": ""
  }
}