{
  "Liquidity_Sweep_Scalp": {
    "trades": 12,
    "wins": 1,
    "losses": 11,
    "winrate": 8.333333333333332,
    "total_r": -1.7171060759999985,
    "profit_factor": 0.030282570513867325,
    "disabled": false,
    "disable_reason": ""
  },
  "Engulfing_Bar_V056": {
    "trades": 6,
    "wins": 2,
    "losses": 4,
    "winrate": 33.33333333333333,
    "total_r": -0.194414069999984,
    "profit_factor": 0.5510171358629501,
    "disabled": false,
    "disable_reason": ""
  },
  "BOS_Scalp_1m": {
    "trades": 12,
    "wins": 4,
    "losses": 8,
    "winrate": 33.33333333333333,
    "total_r": -1.754116192000019,
    "profit_factor": 0.16542516801342178,
    "disabled": false,
    "disable_reason": ""
  },
  "Morning_Trap_Reversal": {
    "trades": 6,
    "wins": 0,
    "losses": 6,
    "winrate": 0.0,
    "total_r": -2.5586413799999903,
    "profit_factor": 0.0,
    "disabled": false,
    "disable_reason": ""
  }
}