{
  "Liquidity_Sweep_Scalp": {
    "trades": 319,
    "wins": 52,
    "losses": 267,
    "winrate": 16.30094043887147,
    "total_r": -16.086910547500004,
    "profit_factor": 0.1539497294658037,
    "disabled": false,
    "disable_reason": ""
  },
  "FVG_Fill_Scalp": {
    "trades": 12,
    "wins": 0,
    "losses": 12,
    "winrate": 0.0,
    "total_r": -1.8178279999999951,
    "profit_factor": 0.0,
    "disabled": false,
    "disable_reason": ""
  },
  "Morning_Trap_Reversal": {
    "trades": 67,
    "wins": 6,
    "losses": 61,
    "winrate": 8.955223880597014,
    "total_r": -6.539489983499899,
    "profit_factor": 0.1896416883165735,
    "disabled": false,
    "disable_reason": ""
  }
}