{
  "run_total_r": -1.0634185860999765,
  "run_peak_r": 1.53109111999999,
  "max_drawdown_r": 3.4217963568999803,
  "current_drawdown_r": 2.5945097060999665,
  "final_balance": 48936.581413900014,
  "initial_capital": 50000.0,
  "trading_mode": "AGGRESSIVE",
  "run_stopped": false,
  "disabled_playbooks": [],
  "stop_run_triggered": false,
  "stop_run_time": null,
  "stop_run_reason": ""
}