{
  "run_total_r": -9.390352576645046,
  "run_peak_r": 0.09904889999999478,
  "max_drawdown_r": 9.48940147664504,
  "current_drawdown_r": 9.48940147664504,
  "final_balance": 40609.64742335493,
  "initial_capital": 50000.0,
  "trading_mode": "AGGRESSIVE",
  "run_stopped": false,
  "disabled_playbooks": [],
  "stop_run_triggered": false,
  "stop_run_time": null,
  "stop_run_reason": ""
}