{
  "run_total_r": -12.776896833500004,
  "run_peak_r": 0.30042772499998155,
  "max_drawdown_r": 17.014650354999894,
  "current_drawdown_r": 13.077324558499985,
  "final_balance": 37223.10316649998,
  "initial_capital": 50000.0,
  "trading_mode": "AGGRESSIVE",
  "run_stopped": false,
  "disabled_playbooks": [],
  "stop_run_triggered": false,
  "stop_run_time": null,
  "stop_run_reason": ""
}