{
  "HTF_Bias_15m_BOS": {
    "trades": 4,
    "wins": 1,
    "losses": 3,
    "winrate": 25.0,
    "total_r": -1.1920833018999986,
    "profit_factor": 0.019870039213520325,
    "disabled": false,
    "disable_reason": ""
  }
}