{
  "run_total_r": -1.1920833018999986,
  "run_peak_r": 0.02416694000000669,
  "max_drawdown_r": 1.2162502419000052,
  "current_drawdown_r": 1.2162502419000052,
  "final_balance": 48807.9166981,
  "initial_capital": 50000.0,
  "trading_mode": "AGGRESSIVE",
  "run_stopped": false,
  "disabled_playbooks": [],
  "stop_run_triggered": false,
  "stop_run_time": null,
  "stop_run_reason": ""
}