{
  "SCALP_Aplus_1_Mini_FVG_Retest_NY_Open": {
    "trades": 451,
    "wins": 163,
    "losses": 288,
    "winrate": 36.14190687361419,
    "total_r": -38.220985860998745,
    "profit_factor": 0.4512527852944218,
    "disabled": false,
    "disable_reason": ""
  },
  "DAY_Aplus_1_Liquidity_Sweep_OB_Retest": {
    "trades": 316,
    "wins": 36,
    "losses": 280,
    "winrate": 11.39240506329114,
    "total_r": -34.29822887149936,
    "profit_factor": 0.5379282385168663,
    "disabled": false,
    "disable_reason": ""
  }
}