{
  "run_total_r": -72.51921473249809,
  "run_peak_r": 23.20440422899957,
  "max_drawdown_r": 95.72361896149766,
  "current_drawdown_r": 95.72361896149766,
  "final_balance": -22519.21473249812,
  "initial_capital": 50000.0,
  "trading_mode": "AGGRESSIVE",
  "run_stopped": false,
  "disabled_playbooks": [],
  "stop_run_triggered": false,
  "stop_run_time": null,
  "stop_run_reason": ""
}