{
  "Liquidity_Sweep_Scalp": {
    "trades": 9,
    "wins": 0,
    "losses": 9,
    "winrate": 0.0,
    "total_r": -1.2506441799999908,
    "profit_factor": 0.0,
    "disabled": false,
    "disable_reason": ""
  },
  "Engulfing_Bar_V056": {
    "trades": 6,
    "wins": 2,
    "losses": 4,
    "winrate": 33.33333333333333,
    "total_r": -0.1974519799999837,
    "profit_factor": 0.5489183286501182,
    "disabled": false,
    "disable_reason": ""
  },
  "BOS_Scalp_1m": {
    "trades": 11,
    "wins": 3,
    "losses": 8,
    "winrate": 27.27272727272727,
    "total_r": -1.5447783800000088,
    "profit_factor": 0.17310361093598875,
    "disabled": false,
    "disable_reason": ""
  },
  "Morning_Trap_Reversal": {
    "trades": 8,
    "wins": 1,
    "losses": 7,
    "winrate": 12.5,
    "total_r": -2.6805289599999806,
    "profit_factor": 0.07511440440357738,
    "disabled": false,
    "disable_reason": ""
  }
}