{
  "News_Fade": {
    "trades": 73,
    "wins": 16,
    "losses": 57,
    "winrate": 21.91780821917808,
    "total_r": -5.681738695983639,
    "profit_factor": 0.7731350402414516,
    "disabled": true,
    "disable_reason": "PF=0.84 < 0.85 (after 68 trades)"
  },
  "Session_Open_Scalp": {
    "trades": 50,
    "wins": 23,
    "losses": 27,
    "winrate": 46.0,
    "total_r": 1.4007107217410208,
    "profit_factor": 1.1160086946181855,
    "disabled": false,
    "disable_reason": ""
  }
}