{
  "scenario_id": "news_session",
  "description": "Baseline historique ~+88R",
  "playbooks": [
    "News_Fade",
    "Session_Open_Scalp"
  ],
  "date_from": null,
  "date_to": null,
  "mode": "AGGRESSIVE",
  "symbols": [
    "SPY",
    "QQQ"
  ],
  "global_metrics": {
    "total_trades": 123,
    "wins": 39,
    "losses": 84,
    "breakevens": 0,
    "winrate": 31.70731707317073,
    "total_r": -4.281027974242611,
    "gross_profit_r": 31.154113096007848,
    "gross_loss_r": -34.48208262329005,
    "profit_factor": 0.9034869916750792,
    "expectancy_r": -0.027056662823432442,
    "avg_win_r": 0.7988234127181499,
    "avg_loss_r": -0.4105009836105958,
    "max_drawdown_r": 23.444823430785323,
    "max_consecutive_losses": 24
  },
  "monthly_metrics": {
    "2025-11": {
      "total_trades": 123,
      "wins": 39,
      "losses": 84,
      "breakevens": 0,
      "winrate": 31.70731707317073,
      "total_r": -4.281027974242611,
      "gross_profit_r": 31.154113096007848,
      "gross_loss_r": -34.48208262329005,
      "profit_factor": 0.9034869916750792,
      "expectancy_r": -0.027056662823432442,
      "avg_win_r": 0.7988234127181499,
      "avg_loss_r": -0.4105009836105958,
      "max_drawdown_r": 23.444823430785323,
      "max_consecutive_losses": 24
    }
  },
  "files": {
    "trades_csv": "/app/data/backtest_results/ablation/news_session/trades_news_session.csv",
    "daily_summary": "/app/data/backtest_results/ablation/news_session/daily_summary_news_session.json",
    "report": "/app/data/backtest_results/ablation/news_session/report_news_session.json"
  }
}