{
  "run_total_r": -4.281027974242611,
  "run_peak_r": 19.16379545654271,
  "max_drawdown_r": 23.444823430785323,
  "current_drawdown_r": 23.444823430785323,
  "final_balance": 45718.972025757364,
  "initial_capital": 50000.0,
  "trading_mode": "AGGRESSIVE",
  "run_stopped": true,
  "disabled_playbooks": [
    "News_Fade"
  ]
}