{
  "generated_at": "2025-12-18T17:31:35.643545",
  "mode": "AGGRESSIVE",
  "scenarios": {
    "news_fade_only": {
      "playbooks": [
        "News_Fade"
      ],
      "total_r": -1.4372832629389527,
      "total_trades": 113,
      "winrate": 23.893805309734514,
      "profit_factor": 0.9838245078312995,
      "expectancy_r": -0.0042851753626418545,
      "max_drawdown_r": 15.254448326720867
    },
    "scalp_aplus_only": {
      "playbooks": [
        "SCALP_Aplus_1_Mini_FVG_Retest_NY_Open"
      ],
      "total_r": -6.021106588439932,
      "total_trades": 12,
      "winrate": 0.0,
      "profit_factor": 0.0,
      "expectancy_r": -0.25087944118499717,
      "max_drawdown_r": 6.021106588439932
    },
    "session_open_only": {
      "playbooks": [
        "Session_Open_Scalp"
      ],
      "total_r": -4.502658603515617,
      "total_trades": 12,
      "winrate": 0.0,
      "profit_factor": 0.0,
      "expectancy_r": -0.18761077514648405,
      "max_drawdown_r": 4.502658603515617
    },
    "news_session": {
      "playbooks": [
        "News_Fade",
        "Session_Open_Scalp"
      ],
      "total_r": -4.281027974242611,
      "total_trades": 123,
      "winrate": 31.70731707317073,
      "profit_factor": 0.9034869916750792,
      "expectancy_r": -0.027056662823432442,
      "max_drawdown_r": 23.444823430785323
    },
    "news_session_scalp": {
      "playbooks": [
        "News_Fade",
        "Session_Open_Scalp",
        "SCALP_Aplus_1_Mini_FVG_Retest_NY_Open"
      ],
      "total_r": -1.068525375060431,
      "total_trades": 125,
      "winrate": 31.2,
      "profit_factor": 0.9969858817294591,
      "expectancy_r": -0.0009237354248000971,
      "max_drawdown_r": 26.580493642577242
    }
  }
}