{
  "run_total_r": -0.9430850900000014,
  "run_peak_r": 0.11450330999999682,
  "max_drawdown_r": 1.0575883999999982,
  "current_drawdown_r": 1.0575883999999982,
  "final_balance": 49056.91490999999,
  "initial_capital": 50000.0,
  "trading_mode": "AGGRESSIVE",
  "run_stopped": false,
  "disabled_playbooks": [],
  "stop_run_triggered": false,
  "stop_run_time": null,
  "stop_run_reason": ""
}