{
  "run_total_r": -0.3003399999999975,
  "run_peak_r": 0.09235000000000265,
  "max_drawdown_r": 0.39269000000000015,
  "current_drawdown_r": 0.39269000000000015,
  "final_balance": 49699.659999999996,
  "initial_capital": 50000.0,
  "trading_mode": "AGGRESSIVE",
  "run_stopped": false,
  "disabled_playbooks": [],
  "stop_run_triggered": false,
  "stop_run_time": null,
  "stop_run_reason": ""
}