{
  "Liquidity_Sweep_Scalp": {
    "trades": 18,
    "wins": 4,
    "losses": 14,
    "winrate": 22.22222222222222,
    "total_r": -1.3093649000000065,
    "profit_factor": 0.1254819445651369,
    "disabled": false,
    "disable_reason": ""
  },
  "NY_Open_Reversal": {
    "trades": 12,
    "wins": 0,
    "losses": 12,
    "winrate": 0.0,
    "total_r": -1.6422494999999528,
    "profit_factor": 0.0,
    "disabled": false,
    "disable_reason": ""
  },
  "Session_Open_Scalp": {
    "trades": 8,
    "wins": 2,
    "losses": 6,
    "winrate": 25.0,
    "total_r": 0.14695420000000237,
    "profit_factor": 1.4127984943608851,
    "disabled": false,
    "disable_reason": ""
  },
  "FVG_Fill_Scalp": {
    "trades": 13,
    "wins": 6,
    "losses": 7,
    "winrate": 46.15384615384615,
    "total_r": -0.46898349999998956,
    "profit_factor": 0.3717221059919402,
    "disabled": false,
    "disable_reason": ""
  },
  "Morning_Trap_Reversal": {
    "trades": 12,
    "wins": 4,
    "losses": 8,
    "winrate": 33.33333333333333,
    "total_r": -0.5055856999999664,
    "profit_factor": 0.777217972161781,
    "disabled": false,
    "disable_reason": ""
  },
  "IFVG_5m_Sweep": {
    "trades": 12,
    "wins": 8,
    "losses": 4,
    "winrate": 66.66666666666666,
    "total_r": 3.125705000000006,
    "profit_factor": 17.07233851971469,
    "disabled": false,
    "disable_reason": ""
  },
  "HTF_Bias_15m_BOS": {
    "trades": 4,
    "wins": 3,
    "losses": 1,
    "winrate": 75.0,
    "total_r": 1.053212500000008,
    "profit_factor": 89.28269069576997,
    "disabled": false,
    "disable_reason": ""
  }
}