{
  "run_total_r": 0.39968810000010113,
  "run_peak_r": 0.8749204000000802,
  "max_drawdown_r": 3.8539635999999518,
  "current_drawdown_r": 0.47523229999997907,
  "final_balance": 50399.68810000008,
  "initial_capital": 50000.0,
  "trading_mode": "AGGRESSIVE",
  "run_stopped": false,
  "disabled_playbooks": [],
  "stop_run_triggered": false,
  "stop_run_time": null,
  "stop_run_reason": ""
}