{
  "Aplus_03_IFVG_Flip_5m": {
    "trades": 12,
    "wins": 5,
    "losses": 7,
    "winrate": 41.66666666666667,
    "total_r": -0.2934630844999845,
    "profit_factor": 0.5820914608701381,
    "disabled": false,
    "disable_reason": ""
  }
}