{
  "run_total_r": -1.4372832629389527,
  "run_peak_r": 13.817165063781914,
  "max_drawdown_r": 15.254448326720867,
  "current_drawdown_r": 15.254448326720867,
  "final_balance": 48562.71673706104,
  "initial_capital": 50000.0,
  "trading_mode": "AGGRESSIVE",
  "run_stopped": false,
  "disabled_playbooks": []
}