{
  "run_total_r": 0.2678654369499948,
  "run_peak_r": 0.40331181694999896,
  "max_drawdown_r": 0.43129488000000393,
  "current_drawdown_r": 0.13544638000000414,
  "final_balance": 50267.86543695,
  "initial_capital": 50000.0,
  "trading_mode": "AGGRESSIVE",
  "run_stopped": false,
  "disabled_playbooks": [],
  "stop_run_triggered": false,
  "stop_run_time": null,
  "stop_run_reason": ""
}