{
  "Liquidity_Sweep_Scalp": {
    "trades": 313,
    "wins": 32,
    "losses": 281,
    "winrate": 10.223642172523961,
    "total_r": -16.278570299999995,
    "profit_factor": 0.05054340108728795,
    "disabled": false,
    "disable_reason": ""
  },
  "Session_Open_Scalp": {
    "trades": 6,
    "wins": 0,
    "losses": 6,
    "winrate": 0.0,
    "total_r": -0.5722217000000206,
    "profit_factor": 0.0,
    "disabled": false,
    "disable_reason": ""
  },
  "FVG_Fill_Scalp": {
    "trades": 46,
    "wins": 7,
    "losses": 39,
    "winrate": 15.217391304347828,
    "total_r": -3.2143046999999876,
    "profit_factor": 0.03371895936046018,
    "disabled": false,
    "disable_reason": ""
  },
  "News_Fade": {
    "trades": 11,
    "wins": 1,
    "losses": 10,
    "winrate": 9.090909090909092,
    "total_r": -0.6885465000000238,
    "profit_factor": 0.04058931844640738,
    "disabled": false,
    "disable_reason": ""
  },
  "Morning_Trap_Reversal": {
    "trades": 101,
    "wins": 10,
    "losses": 91,
    "winrate": 9.900990099009901,
    "total_r": -4.7379630129999954,
    "profit_factor": 0.3076175337366033,
    "disabled": false,
    "disable_reason": ""
  }
}