{
  "Aplus_03_v2": {
    "trades": 7,
    "wins": 3,
    "losses": 4,
    "winrate": 42.857142857142854,
    "total_r": -0.09630347937500065,
    "profit_factor": 0.5304731222882303,
    "disabled": false,
    "disable_reason": ""
  }
}