{
  "run_total_r": -0.09630347937500065,
  "run_peak_r": 0.09924682062500077,
  "max_drawdown_r": 0.19555030000000143,
  "current_drawdown_r": 0.19555030000000143,
  "final_balance": 49903.696520624995,
  "initial_capital": 50000.0,
  "trading_mode": "AGGRESSIVE",
  "run_stopped": false,
  "disabled_playbooks": [],
  "stop_run_triggered": false,
  "stop_run_time": null,
  "stop_run_reason": ""
}