{
  "Morning_Trap_Reversal": {
    "trades": 10,
    "wins": 5,
    "losses": 5,
    "winrate": 50.0,
    "total_r": -0.4899378559999846,
    "profit_factor": 0.34180421606808326,
    "disabled": false,
    "disable_reason": ""
  },
  "BOS_Scalp_1m": {
    "trades": 15,
    "wins": 7,
    "losses": 8,
    "winrate": 46.666666666666664,
    "total_r": -1.8022545608999614,
    "profit_factor": 0.3660305214407094,
    "disabled": false,
    "disable_reason": ""
  },
  "Engulfing_Bar_V056": {
    "trades": 10,
    "wins": 3,
    "losses": 7,
    "winrate": 30.0,
    "total_r": -1.1904474329999648,
    "profit_factor": 0.25890753771037606,
    "disabled": false,
    "disable_reason": ""
  },
  "Liquidity_Sweep_Scalp": {
    "trades": 15,
    "wins": 6,
    "losses": 9,
    "winrate": 40.0,
    "total_r": -0.22711225200000026,
    "profit_factor": 0.6898951819788035,
    "disabled": false,
    "disable_reason": ""
  }
}