{
  "NY_Open_Reversal": {
    "trades": 280,
    "wins": 46,
    "losses": 234,
    "winrate": 16.428571428571427,
    "total_r": -3.1636260409997363,
    "profit_factor": 0.860274945434401,
    "disabled": false,
    "disable_reason": ""
  },
  "Session_Open_Scalp": {
    "trades": 123,
    "wins": 16,
    "losses": 107,
    "winrate": 13.008130081300814,
    "total_r": -3.0784343000000023,
    "profit_factor": 0.2233914835522111,
    "disabled": false,
    "disable_reason": ""
  },
  "FVG_Fill_Scalp": {
    "trades": 2287,
    "wins": 288,
    "losses": 1999,
    "winrate": 12.592916484477481,
    "total_r": -43.41632925599993,
    "profit_factor": 0.1572493302905662,
    "disabled": false,
    "disable_reason": ""
  }
}