{
  "run_total_r": -49.6583895969997,
  "run_peak_r": 0.0850600000000007,
  "max_drawdown_r": 50.54555578449967,
  "current_drawdown_r": 49.743449596999696,
  "final_balance": 341.61040300030703,
  "initial_capital": 50000.0,
  "trading_mode": "AGGRESSIVE",
  "run_stopped": false,
  "disabled_playbooks": [],
  "stop_run_triggered": false,
  "stop_run_time": null,
  "stop_run_reason": ""
}