{
  "Liquidity_Sweep_Scalp": {
    "trades": 265,
    "wins": 34,
    "losses": 231,
    "winrate": 12.830188679245284,
    "total_r": -14.331258591000111,
    "profit_factor": 0.0915399017918347,
    "disabled": false,
    "disable_reason": ""
  },
  "Morning_Trap_Reversal": {
    "trades": 107,
    "wins": 6,
    "losses": 101,
    "winrate": 5.607476635514018,
    "total_r": -7.902447350000066,
    "profit_factor": 0.21201710096317536,
    "disabled": false,
    "disable_reason": ""
  },
  "Session_Open_Scalp": {
    "trades": 13,
    "wins": 5,
    "losses": 8,
    "winrate": 38.46153846153847,
    "total_r": -1.668982350000006,
    "profit_factor": 0.2834743942745503,
    "disabled": false,
    "disable_reason": ""
  },
  "News_Fade": {
    "trades": 2,
    "wins": 0,
    "losses": 2,
    "winrate": 0.0,
    "total_r": -0.05926210000000472,
    "profit_factor": 0.0,
    "disabled": false,
    "disable_reason": ""
  }
}