{
  "run_total_r": -24.4442285309999,
  "run_peak_r": 0.2801440000000044,
  "max_drawdown_r": 24.77967253099991,
  "current_drawdown_r": 24.724372530999904,
  "final_balance": 25555.771469000156,
  "initial_capital": 50000.0,
  "trading_mode": "AGGRESSIVE",
  "run_stopped": false,
  "disabled_playbooks": [],
  "stop_run_triggered": false,
  "stop_run_time": null,
  "stop_run_reason": ""
}