{
  "Morning_Trap_Reversal": {
    "trades": 8,
    "wins": 4,
    "losses": 4,
    "winrate": 50.0,
    "total_r": -0.1349860188000247,
    "profit_factor": 0.7722644248815764,
    "disabled": false,
    "disable_reason": ""
  },
  "BOS_Scalp_1m": {
    "trades": 15,
    "wins": 10,
    "losses": 5,
    "winrate": 66.66666666666666,
    "total_r": -0.25256900219998946,
    "profit_factor": 0.8584147918786729,
    "disabled": false,
    "disable_reason": ""
  },
  "Engulfing_Bar_V056": {
    "trades": 10,
    "wins": 8,
    "losses": 2,
    "winrate": 80.0,
    "total_r": 0.15389159000005168,
    "profit_factor": 1.1642149286464258,
    "disabled": false,
    "disable_reason": ""
  },
  "Liquidity_Sweep_Scalp": {
    "trades": 13,
    "wins": 6,
    "losses": 7,
    "winrate": 46.15384615384615,
    "total_r": 0.5506099209999838,
    "profit_factor": 1.5898988427207057,
    "disabled": false,
    "disable_reason": ""
  }
}