{
  "run_total_r": 0.3169464900000212,
  "run_peak_r": 0.7848677015999612,
  "max_drawdown_r": 2.4140021709999866,
  "current_drawdown_r": 0.46792121159994005,
  "final_balance": 50316.94649000001,
  "initial_capital": 50000.0,
  "trading_mode": "AGGRESSIVE",
  "run_stopped": false,
  "disabled_playbooks": [],
  "stop_run_triggered": false,
  "stop_run_time": null,
  "stop_run_reason": ""
}