{
  "run_total_r": -112.0430945678604,
  "run_peak_r": 3.372775752299711,
  "max_drawdown_r": 115.41587032016011,
  "current_drawdown_r": 115.41587032016011,
  "final_balance": -62043.09456786047,
  "initial_capital": 50000.0,
  "trading_mode": "AGGRESSIVE",
  "run_stopped": false,
  "disabled_playbooks": [],
  "stop_run_triggered": false,
  "stop_run_time": null,
  "stop_run_reason": ""
}