{
  "Liquidity_Sweep_Scalp": {
    "trades": 12,
    "wins": 4,
    "losses": 8,
    "winrate": 33.33333333333333,
    "total_r": -0.5194130679999946,
    "profit_factor": 0.4560022255379884,
    "disabled": false,
    "disable_reason": ""
  },
  "Engulfing_Bar_V056": {
    "trades": 8,
    "wins": 4,
    "losses": 4,
    "winrate": 50.0,
    "total_r": 0.5447236400000401,
    "profit_factor": 1.7868618636914255,
    "disabled": false,
    "disable_reason": ""
  },
  "BOS_Scalp_1m": {
    "trades": 12,
    "wins": 4,
    "losses": 8,
    "winrate": 33.33333333333333,
    "total_r": -2.6400753694000345,
    "profit_factor": 0.27938520670009853,
    "disabled": false,
    "disable_reason": ""
  },
  "Morning_Trap_Reversal": {
    "trades": 8,
    "wins": 4,
    "losses": 4,
    "winrate": 50.0,
    "total_r": 0.4881336313000133,
    "profit_factor": 1.4461449371324544,
    "disabled": false,
    "disable_reason": ""
  }
}