{
  "run_total_r": -2.1266311660999757,
  "run_peak_r": 1.5012238200000119,
  "max_drawdown_r": 4.243923067099997,
  "current_drawdown_r": 3.6278549860999876,
  "final_balance": 47873.368833900015,
  "initial_capital": 50000.0,
  "trading_mode": "AGGRESSIVE",
  "run_stopped": false,
  "disabled_playbooks": [],
  "stop_run_triggered": false,
  "stop_run_time": null,
  "stop_run_reason": ""
}