{
  "Liquidity_Sweep_Scalp": {
    "trades": 93,
    "wins": 24,
    "losses": 69,
    "winrate": 25.806451612903224,
    "total_r": -6.833242300000009,
    "profit_factor": 0.2676954796325925,
    "disabled": false,
    "disable_reason": ""
  },
  "FVG_Fill_Scalp": {
    "trades": 52,
    "wins": 12,
    "losses": 40,
    "winrate": 23.076923076923077,
    "total_r": -2.6291305749999965,
    "profit_factor": 0.0696381099414253,
    "disabled": false,
    "disable_reason": ""
  },
  "NY_Open_Reversal": {
    "trades": 60,
    "wins": 7,
    "losses": 53,
    "winrate": 11.666666666666666,
    "total_r": -5.08977185299996,
    "profit_factor": 0.3780492529392681,
    "disabled": false,
    "disable_reason": ""
  },
  "IFVG_5m_Sweep": {
    "trades": 58,
    "wins": 7,
    "losses": 51,
    "winrate": 12.068965517241379,
    "total_r": -2.0472653874999853,
    "profit_factor": 0.6548255067834222,
    "disabled": false,
    "disable_reason": ""
  },
  "HTF_Bias_15m_BOS": {
    "trades": 26,
    "wins": 2,
    "losses": 24,
    "winrate": 7.6923076923076925,
    "total_r": -1.795496703499995,
    "profit_factor": 0.35838619152554135,
    "disabled": false,
    "disable_reason": ""
  },
  "Morning_Trap_Reversal": {
    "trades": 62,
    "wins": 8,
    "losses": 54,
    "winrate": 12.903225806451612,
    "total_r": -4.1093276384999315,
    "profit_factor": 0.49916416881036535,
    "disabled": false,
    "disable_reason": ""
  },
  "News_Fade": {
    "trades": 9,
    "wins": 1,
    "losses": 8,
    "winrate": 11.11111111111111,
    "total_r": -0.7674510000000002,
    "profit_factor": 0.1020929881562328,
    "disabled": false,
    "disable_reason": ""
  },
  "Session_Open_Scalp": {
    "trades": 27,
    "wins": 7,
    "losses": 20,
    "winrate": 25.925925925925924,
    "total_r": -1.9596139999999873,
    "profit_factor": 0.2736634340670251,
    "disabled": false,
    "disable_reason": ""
  }
}