{
  "run_total_r": -25.23129945749985,
  "run_peak_r": 0.9628328000000226,
  "max_drawdown_r": 26.490573960499827,
  "current_drawdown_r": 26.194132257499874,
  "final_balance": 24768.700542500144,
  "initial_capital": 50000.0,
  "trading_mode": "AGGRESSIVE",
  "run_stopped": false,
  "disabled_playbooks": [],
  "stop_run_triggered": false,
  "stop_run_time": null,
  "stop_run_reason": ""
}