{
  "run_total_r": -0.49907549999999173,
  "run_peak_r": 0.05895770000000635,
  "max_drawdown_r": 0.5580331999999981,
  "current_drawdown_r": 0.5580331999999981,
  "final_balance": 49500.924500000016,
  "initial_capital": 50000.0,
  "trading_mode": "AGGRESSIVE",
  "run_stopped": false,
  "disabled_playbooks": [],
  "stop_run_triggered": false,
  "stop_run_time": null,
  "stop_run_reason": ""
}