{
  "Aplus_03_v2": {
    "trades": 11,
    "wins": 5,
    "losses": 6,
    "winrate": 45.45454545454545,
    "total_r": -0.2716594824999755,
    "profit_factor": 0.6068092208609625,
    "disabled": false,
    "disable_reason": ""
  }
}