{
  "HTF_Bias_15m_BOS_v2": {
    "trades": 10,
    "wins": 5,
    "losses": 5,
    "winrate": 50.0,
    "total_r": -1.412239164000021,
    "profit_factor": 0.19905084497085734,
    "disabled": false,
    "disable_reason": ""
  }
}