{
  "run_total_r": -1.412239164000021,
  "run_peak_r": 0.26817812799999485,
  "max_drawdown_r": 1.7179772570000122,
  "current_drawdown_r": 1.6804172920000158,
  "final_balance": 48587.76083599999,
  "initial_capital": 50000.0,
  "trading_mode": "AGGRESSIVE",
  "run_stopped": false,
  "disabled_playbooks": [],
  "stop_run_triggered": false,
  "stop_run_time": null,
  "stop_run_reason": ""
}