{
  "HTF_Bias_15m_BOS": {
    "trades": 5,
    "wins": 3,
    "losses": 2,
    "winrate": 60.0,
    "total_r": -0.39383840000000336,
    "profit_factor": 0.36021195355672053,
    "disabled": false,
    "disable_reason": ""
  }
}