{
  "VWAP_Bounce_5m": {
    "trades": 6,
    "wins": 2,
    "losses": 4,
    "winrate": 33.33333333333333,
    "total_r": -0.8071868699999691,
    "profit_factor": 0.18624662854438728,
    "disabled": false,
    "disable_reason": ""
  }
}