{
  "run_total_r": -41.25181770000014,
  "run_peak_r": 1.9045000499999976,
  "max_drawdown_r": 43.156317750000134,
  "current_drawdown_r": 43.156317750000134,
  "final_balance": 1749.6364599999627,
  "initial_capital": 10000.0,
  "trading_mode": "AGGRESSIVE",
  "run_stopped": true,
  "disabled_playbooks": [
    "Power_Hour_Expansion"
  ],
  "stop_run_triggered": true,
  "stop_run_time": "2025-10-10T17:02:00+00:00",
  "stop_run_reason": "STOP RUN: MaxDD=22.22R \u2265 20.0R"
}