{
  "run_total_r": -10.423331968500218,
  "run_peak_r": 0.723069562499967,
  "max_drawdown_r": 12.384787176000014,
  "current_drawdown_r": 11.146401531000185,
  "final_balance": 39576.668031499794,
  "initial_capital": 50000.0,
  "trading_mode": "AGGRESSIVE",
  "run_stopped": false,
  "disabled_playbooks": [],
  "stop_run_triggered": false,
  "stop_run_time": null,
  "stop_run_reason": ""
}