{
  "Liquidity_Sweep_Scalp": {
    "trades": 93,
    "wins": 27,
    "losses": 66,
    "winrate": 29.03225806451613,
    "total_r": -5.072677425000051,
    "profit_factor": 0.3755103420133879,
    "disabled": false,
    "disable_reason": ""
  },
  "FVG_Fill_Scalp": {
    "trades": 70,
    "wins": 14,
    "losses": 56,
    "winrate": 20.0,
    "total_r": -4.205668324999977,
    "profit_factor": 0.07691366391791482,
    "disabled": false,
    "disable_reason": ""
  },
  "NY_Open_Reversal": {
    "trades": 61,
    "wins": 10,
    "losses": 51,
    "winrate": 16.39344262295082,
    "total_r": -3.711465640999948,
    "profit_factor": 0.4855123082009827,
    "disabled": false,
    "disable_reason": ""
  },
  "IFVG_5m_Sweep": {
    "trades": 59,
    "wins": 5,
    "losses": 54,
    "winrate": 8.47457627118644,
    "total_r": -4.207677334999997,
    "profit_factor": 0.39591935432419734,
    "disabled": false,
    "disable_reason": ""
  },
  "Morning_Trap_Reversal": {
    "trades": 62,
    "wins": 7,
    "losses": 55,
    "winrate": 11.29032258064516,
    "total_r": -4.187536558999949,
    "profit_factor": 0.4620453775814795,
    "disabled": false,
    "disable_reason": ""
  },
  "HTF_Bias_15m_BOS": {
    "trades": 22,
    "wins": 4,
    "losses": 18,
    "winrate": 18.181818181818183,
    "total_r": 0.4903787214999923,
    "profit_factor": 1.2596639954018671,
    "disabled": false,
    "disable_reason": ""
  },
  "News_Fade": {
    "trades": 9,
    "wins": 1,
    "losses": 8,
    "winrate": 11.11111111111111,
    "total_r": -0.7629202999999899,
    "profit_factor": 0.235520390941408,
    "disabled": false,
    "disable_reason": ""
  },
  "Session_Open_Scalp": {
    "trades": 40,
    "wins": 10,
    "losses": 30,
    "winrate": 25.0,
    "total_r": -2.7430559000000043,
    "profit_factor": 0.25511373146905736,
    "disabled": false,
    "disable_reason": ""
  }
}