{
  "run_total_r": -24.400622763499946,
  "run_peak_r": 0.9981478000000082,
  "max_drawdown_r": 25.951977772499877,
  "current_drawdown_r": 25.398770563499955,
  "final_balance": 25599.377236500135,
  "initial_capital": 50000.0,
  "trading_mode": "AGGRESSIVE",
  "run_stopped": false,
  "disabled_playbooks": [],
  "stop_run_triggered": false,
  "stop_run_time": null,
  "stop_run_reason": ""
}