{
  "Liquidity_Sweep_Scalp": {
    "trades": 12,
    "wins": 4,
    "losses": 8,
    "winrate": 33.33333333333333,
    "total_r": -0.5160456799999947,
    "profit_factor": 0.46255069151210293,
    "disabled": false,
    "disable_reason": ""
  },
  "Engulfing_Bar_V056": {
    "trades": 8,
    "wins": 4,
    "losses": 4,
    "winrate": 50.0,
    "total_r": 0.5522997700000405,
    "profit_factor": 1.7978057026101264,
    "disabled": false,
    "disable_reason": ""
  },
  "BOS_Scalp_1m": {
    "trades": 12,
    "wins": 4,
    "losses": 8,
    "winrate": 33.33333333333333,
    "total_r": -1.648143837200045,
    "profit_factor": 0.3906584855561722,
    "disabled": false,
    "disable_reason": ""
  },
  "Morning_Trap_Reversal": {
    "trades": 8,
    "wins": 4,
    "losses": 4,
    "winrate": 50.0,
    "total_r": 0.4942113611000137,
    "profit_factor": 1.4487329457908247,
    "disabled": false,
    "disable_reason": ""
  }
}