{
  "Session_Open_Scalp": {
    "trades": 78,
    "wins": 24,
    "losses": 54,
    "winrate": 30.76923076923077,
    "total_r": -1.8812771750000228,
    "profit_factor": 0.4529866121552061,
    "disabled": false,
    "disable_reason": ""
  },
  "NY_Open_Reversal": {
    "trades": 1089,
    "wins": 93,
    "losses": 996,
    "winrate": 8.539944903581267,
    "total_r": -44.05146664799966,
    "profit_factor": 0.39293344904045435,
    "disabled": false,
    "disable_reason": ""
  }
}