{
  "run_total_r": -45.932743822999726,
  "run_peak_r": 0.46724772499998235,
  "max_drawdown_r": 48.829204043999724,
  "current_drawdown_r": 46.39999154799971,
  "final_balance": 4067.2561770003094,
  "initial_capital": 50000.0,
  "trading_mode": "AGGRESSIVE",
  "run_stopped": false,
  "disabled_playbooks": [],
  "stop_run_triggered": false,
  "stop_run_time": null,
  "stop_run_reason": ""
}