{
  "Engulfing_Bar_V056": {
    "trades": 8,
    "wins": 3,
    "losses": 5,
    "winrate": 37.5,
    "total_r": -0.9784152987999586,
    "profit_factor": 0.41779814445541297,
    "disabled": false,
    "disable_reason": ""
  }
}