{
  "run_total_r": -0.9784152987999586,
  "run_peak_r": 0.6390116600000144,
  "max_drawdown_r": 1.617426958799973,
  "current_drawdown_r": 1.617426958799973,
  "final_balance": 49021.58470120005,
  "initial_capital": 50000.0,
  "trading_mode": "AGGRESSIVE",
  "run_stopped": false,
  "disabled_playbooks": [],
  "stop_run_triggered": false,
  "stop_run_time": null,
  "stop_run_reason": ""
}