{
  "run_id": "p065_short_combo",
  "n_setups": 20,
  "components": {
    "liquidity_sweep_score": {
      "min": 0.0,
      "median": 0.0,
      "p90": 0.0
    },
    "bos_strength_score": {
      "min": 0.5091338796885126,
      "median": 0.5686435202502875,
      "p90": 1.0
    },
    "fvg_quality_score": {
      "min": 0.0,
      "median": 0.0,
      "p90": 0.5461043413190294
    },
    "pattern_quality_score": {
      "min": 0.9666666666666667,
      "median": 0.9666666666666667,
      "p90": 1.0
    }
  },
  "flags": {
    "sweep_detected_pct": 0.0,
    "bos_detected_pct": 100.0,
    "fvg_detected_pct": 50.0,
    "pattern_detected_pct": 100.0
  },
  "quality_distribution": {
    "A": 10,
    "A+": 10
  }
}