{
  "News_Fade": {
    "trades": 63,
    "wins": 7,
    "losses": 56,
    "winrate": 11.11111111111111,
    "total_r": -12.741634283249393,
    "profit_factor": 0.38123652807974523,
    "disabled": true,
    "disable_reason": "PF=0.82 < 0.85 (after 33 trades)"
  },
  "Session_Open_Scalp": {
    "trades": 14,
    "wins": 3,
    "losses": 11,
    "winrate": 21.428571428571427,
    "total_r": -2.675523447499939,
    "profit_factor": 0.37558031503190464,
    "disabled": false,
    "disable_reason": ""
  }
}