{
  "Liquidity_Sweep_Scalp": {
    "trades": 214,
    "wins": 57,
    "losses": 157,
    "winrate": 26.635514018691588,
    "total_r": -10.544671127500013,
    "profit_factor": 0.33033554288798783,
    "disabled": false,
    "disable_reason": ""
  },
  "Morning_Trap_Reversal": {
    "trades": 104,
    "wins": 11,
    "losses": 93,
    "winrate": 10.576923076923077,
    "total_r": -8.423924005825038,
    "profit_factor": 0.4093973565567373,
    "disabled": false,
    "disable_reason": ""
  },
  "FVG_Fill_Scalp": {
    "trades": 18,
    "wins": 5,
    "losses": 13,
    "winrate": 27.77777777777778,
    "total_r": -0.26193447499999567,
    "profit_factor": 0.6544064046860515,
    "disabled": false,
    "disable_reason": ""
  },
  "News_Fade": {
    "trades": 16,
    "wins": 3,
    "losses": 13,
    "winrate": 18.75,
    "total_r": -0.8431150999999968,
    "profit_factor": 0.12079814790077761,
    "disabled": false,
    "disable_reason": ""
  }
}