{
  "SCALP_Aplus_1_Mini_FVG_Retest_NY_Open": {
    "trades": 446,
    "wins": 158,
    "losses": 288,
    "winrate": 35.42600896860987,
    "total_r": -40.22945248699881,
    "profit_factor": 0.39748464007443707,
    "disabled": false,
    "disable_reason": ""
  },
  "DAY_Aplus_1_Liquidity_Sweep_OB_Retest": {
    "trades": 317,
    "wins": 36,
    "losses": 281,
    "winrate": 11.35646687697161,
    "total_r": -30.99851452199948,
    "profit_factor": 0.560992440810958,
    "disabled": false,
    "disable_reason": ""
  },
  "FVG_Fill_V065": {
    "trades": 3,
    "wins": 2,
    "losses": 1,
    "winrate": 66.66666666666666,
    "total_r": 0.5271844000000114,
    "profit_factor": 2.615912674377934,
    "disabled": false,
    "disable_reason": ""
  }
}