{
  "run_total_r": -70.70078260899821,
  "run_peak_r": 20.032528528999553,
  "max_drawdown_r": 90.73331113799776,
  "current_drawdown_r": 90.73331113799776,
  "final_balance": -20700.78260899832,
  "initial_capital": 50000.0,
  "trading_mode": "AGGRESSIVE",
  "run_stopped": false,
  "disabled_playbooks": [],
  "stop_run_triggered": false,
  "stop_run_time": null,
  "stop_run_reason": ""
}