{
  "NY_Open_Reversal": {
    "trades": 400,
    "wins": 121,
    "losses": 279,
    "winrate": 30.25,
    "total_r": 0.21038407799920836,
    "profit_factor": 1.0038987543198385,
    "disabled": false,
    "disable_reason": ""
  }
}