{
  "run_total_r": 0.21038407799920836,
  "run_peak_r": 3.5717325664996147,
  "max_drawdown_r": 19.98368941699978,
  "current_drawdown_r": 3.3613484885004064,
  "final_balance": 50210.38407799918,
  "initial_capital": 50000.0,
  "trading_mode": "AGGRESSIVE",
  "run_stopped": false,
  "disabled_playbooks": [],
  "stop_run_triggered": false,
  "stop_run_time": null,
  "stop_run_reason": ""
}