{
  "BOS_Scalp_1m": {
    "trades": 15,
    "wins": 3,
    "losses": 12,
    "winrate": 20.0,
    "total_r": -3.427493696,
    "profit_factor": 0.02704963126410618,
    "disabled": false,
    "disable_reason": ""
  },
  "Engulfing_Bar_V056": {
    "trades": 10,
    "wins": 5,
    "losses": 5,
    "winrate": 50.0,
    "total_r": 0.021383318800009668,
    "profit_factor": 1.0284196634026068,
    "disabled": false,
    "disable_reason": ""
  },
  "Morning_Trap_Reversal": {
    "trades": 6,
    "wins": 1,
    "losses": 5,
    "winrate": 16.666666666666664,
    "total_r": -1.1412784169000072,
    "profit_factor": 0.37458881775072417,
    "disabled": false,
    "disable_reason": ""
  },
  "Liquidity_Sweep_Scalp": {
    "trades": 9,
    "wins": 1,
    "losses": 8,
    "winrate": 11.11111111111111,
    "total_r": -0.8046111480000216,
    "profit_factor": 0.02330210597717526,
    "disabled": false,
    "disable_reason": ""
  }
}