{
  "Liquidity_Sweep_Scalp": {
    "trades": 200,
    "wins": 49,
    "losses": 151,
    "winrate": 24.5,
    "total_r": -7.766035675000061,
    "profit_factor": 0.35748166974300233,
    "disabled": false,
    "disable_reason": ""
  },
  "Session_Open_Scalp": {
    "trades": 12,
    "wins": 1,
    "losses": 11,
    "winrate": 8.333333333333332,
    "total_r": -0.5814022750000163,
    "profit_factor": 0.4455707099604091,
    "disabled": false,
    "disable_reason": ""
  },
  "Morning_Trap_Reversal": {
    "trades": 92,
    "wins": 18,
    "losses": 74,
    "winrate": 19.565217391304348,
    "total_r": -1.0970140159999424,
    "profit_factor": 0.858266343610744,
    "disabled": false,
    "disable_reason": ""
  },
  "News_Fade": {
    "trades": 7,
    "wins": 0,
    "losses": 7,
    "winrate": 0.0,
    "total_r": -0.7041799999999834,
    "profit_factor": 0.0,
    "disabled": false,
    "disable_reason": ""
  }
}