{
  "run_total_r": -10.148631966000002,
  "run_peak_r": 0.30042772499998155,
  "max_drawdown_r": 14.518469919999877,
  "current_drawdown_r": 10.449059690999983,
  "final_balance": 39851.36803399997,
  "initial_capital": 50000.0,
  "trading_mode": "AGGRESSIVE",
  "run_stopped": false,
  "disabled_playbooks": [],
  "stop_run_triggered": false,
  "stop_run_time": null,
  "stop_run_reason": ""
}