{
  "run_total_r": -3.235881992999995,
  "run_peak_r": 0.10490688500000545,
  "max_drawdown_r": 3.3407888780000006,
  "current_drawdown_r": 3.3407888780000006,
  "final_balance": 46764.118007,
  "initial_capital": 50000.0,
  "trading_mode": "AGGRESSIVE",
  "run_stopped": false,
  "disabled_playbooks": [],
  "stop_run_triggered": false,
  "stop_run_time": null,
  "stop_run_reason": ""
}