{
  "Aplus_04_HTF_15m_BOS_v1": {
    "trades": 13,
    "wins": 4,
    "losses": 9,
    "winrate": 30.76923076923077,
    "total_r": -1.3128236282399959,
    "profit_factor": 0.0762872884634343,
    "disabled": false,
    "disable_reason": ""
  }
}