{
  "HTF_Bias_15m_BOS": {
    "trades": 5,
    "wins": 3,
    "losses": 2,
    "winrate": 60.0,
    "total_r": 0.08724062120000559,
    "profit_factor": 1.2076287831324162,
    "disabled": false,
    "disable_reason": ""
  }
}