{
  "run_total_r": 0.08724062120000559,
  "run_peak_r": 0.5074165711999991,
  "max_drawdown_r": 0.42017594999999347,
  "current_drawdown_r": 0.42017594999999347,
  "final_balance": 50087.24062120001,
  "initial_capital": 50000.0,
  "trading_mode": "AGGRESSIVE",
  "run_stopped": false,
  "disabled_playbooks": [],
  "stop_run_triggered": false,
  "stop_run_time": null,
  "stop_run_reason": ""
}