{
  "NY_Open_Reversal": {
    "trades": 10,
    "wins": 5,
    "losses": 5,
    "winrate": 50.0,
    "total_r": 0.29166737000001886,
    "profit_factor": 1.2811515621471121,
    "disabled": false,
    "disable_reason": ""
  },
  "Liquidity_Sweep_Scalp": {
    "trades": 15,
    "wins": 3,
    "losses": 12,
    "winrate": 20.0,
    "total_r": -2.351115899999903,
    "profit_factor": 0.09998308388476346,
    "disabled": false,
    "disable_reason": ""
  },
  "Session_Open_Scalp": {
    "trades": 10,
    "wins": 7,
    "losses": 3,
    "winrate": 70.0,
    "total_r": 1.6132425999999793,
    "profit_factor": 2.393792843721088,
    "disabled": false,
    "disable_reason": ""
  },
  "FVG_Fill_Scalp": {
    "trades": 14,
    "wins": 5,
    "losses": 9,
    "winrate": 35.714285714285715,
    "total_r": -0.5801987084999982,
    "profit_factor": 0.6460168457187639,
    "disabled": false,
    "disable_reason": ""
  },
  "News_Fade": {
    "trades": 4,
    "wins": 2,
    "losses": 2,
    "winrate": 50.0,
    "total_r": 0.07295360000001024,
    "profit_factor": 1.4996260694005186,
    "disabled": false,
    "disable_reason": ""
  },
  "Morning_Trap_Reversal": {
    "trades": 8,
    "wins": 4,
    "losses": 4,
    "winrate": 50.0,
    "total_r": 2.0913038189999753,
    "profit_factor": 4.022134452078395,
    "disabled": false,
    "disable_reason": ""
  },
  "IFVG_5m_Sweep": {
    "trades": 10,
    "wins": 2,
    "losses": 8,
    "winrate": 20.0,
    "total_r": -0.3792295250000433,
    "profit_factor": 0.7892308225644994,
    "disabled": false,
    "disable_reason": ""
  },
  "HTF_Bias_15m_BOS": {
    "trades": 5,
    "wins": 1,
    "losses": 4,
    "winrate": 20.0,
    "total_r": -0.1923155450000058,
    "profit_factor": 0.7866580766598064,
    "disabled": false,
    "disable_reason": ""
  }
}