{
  "run_total_r": 0.5663077105000344,
  "run_peak_r": 2.1752153855000085,
  "max_drawdown_r": 2.6199665249999553,
  "current_drawdown_r": 1.608907674999974,
  "final_balance": 50566.307710500056,
  "initial_capital": 50000.0,
  "trading_mode": "AGGRESSIVE",
  "run_stopped": false,
  "disabled_playbooks": [],
  "stop_run_triggered": false,
  "stop_run_time": null,
  "stop_run_reason": ""
}