{
  "Liquidity_Sweep_Scalp": {
    "trades": 15,
    "wins": 1,
    "losses": 14,
    "winrate": 6.666666666666667,
    "total_r": -4.921279129999951,
    "profit_factor": 0.015566804733478077,
    "disabled": false,
    "disable_reason": ""
  },
  "NY_Open_Reversal": {
    "trades": 10,
    "wins": 4,
    "losses": 6,
    "winrate": 40.0,
    "total_r": -0.03543690000000371,
    "profit_factor": 0.9737003172491187,
    "disabled": false,
    "disable_reason": ""
  },
  "Session_Open_Scalp": {
    "trades": 9,
    "wins": 3,
    "losses": 6,
    "winrate": 33.33333333333333,
    "total_r": -1.007119349999989,
    "profit_factor": 0.28347433354557416,
    "disabled": false,
    "disable_reason": ""
  },
  "FVG_Fill_Scalp": {
    "trades": 12,
    "wins": 1,
    "losses": 11,
    "winrate": 8.333333333333332,
    "total_r": -2.1457347249999987,
    "profit_factor": 0.08257228851123105,
    "disabled": false,
    "disable_reason": ""
  },
  "Morning_Trap_Reversal": {
    "trades": 9,
    "wins": 4,
    "losses": 5,
    "winrate": 44.44444444444444,
    "total_r": 1.6750196339999663,
    "profit_factor": 2.9165439385431506,
    "disabled": false,
    "disable_reason": ""
  },
  "News_Fade": {
    "trades": 2,
    "wins": 2,
    "losses": 0,
    "winrate": 100.0,
    "total_r": 0.13392999999999916,
    "profit_factor": Infinity,
    "disabled": false,
    "disable_reason": ""
  },
  "IFVG_5m_Sweep": {
    "trades": 10,
    "wins": 2,
    "losses": 8,
    "winrate": 20.0,
    "total_r": -0.6981432750000486,
    "profit_factor": 0.6629311117423583,
    "disabled": false,
    "disable_reason": ""
  },
  "HTF_Bias_15m_BOS": {
    "trades": 4,
    "wins": 0,
    "losses": 4,
    "winrate": 0.0,
    "total_r": -0.876794619999995,
    "profit_factor": 0.0,
    "disabled": false,
    "disable_reason": ""
  }
}