{
  "Morning_Trap_Reversal": {
    "trades": 10,
    "wins": 2,
    "losses": 8,
    "winrate": 20.0,
    "total_r": -0.11390756499999616,
    "profit_factor": 0.9383006945507301,
    "disabled": false,
    "disable_reason": ""
  },
  "BOS_Scalp_1m": {
    "trades": 15,
    "wins": 6,
    "losses": 9,
    "winrate": 40.0,
    "total_r": -1.1541997255000112,
    "profit_factor": 0.5961260466616903,
    "disabled": false,
    "disable_reason": ""
  },
  "Engulfing_Bar_V056": {
    "trades": 10,
    "wins": 3,
    "losses": 7,
    "winrate": 30.0,
    "total_r": -0.4846514550000069,
    "profit_factor": 0.7203864905385086,
    "disabled": false,
    "disable_reason": ""
  },
  "Liquidity_Sweep_Scalp": {
    "trades": 15,
    "wins": 7,
    "losses": 8,
    "winrate": 46.666666666666664,
    "total_r": 0.07931235220007846,
    "profit_factor": 1.0809467653378384,
    "disabled": false,
    "disable_reason": ""
  }
}