{
  "label": "survivor_v1",
  "total_trades_loaded": 90,
  "cohort": {
    "n": 90,
    "iterations": 2000,
    "observed_E_R": -0.02148558132933254,
    "observed_total_R": -1.9337023196399286,
    "permuted_E_R_mean": -0.0001789353877213612,
    "permuted_E_R_std": 0.022123345225814682,
    "permuted_E_R_p5": -0.03638007243955396,
    "permuted_E_R_p95": 0.036152252853334024,
    "p_one_sided_ge": 0.833,
    "p_one_sided_le": 0.167,
    "p_two_sided": 0.334,
    "gate_O53_pass": false
  },
  "splits": {
    "Engulfing_Bar_V056": {
      "n": 26,
      "iterations": 2000,
      "observed_E_R": -0.010086809946153498,
      "observed_total_R": -0.26225705859999093,
      "permuted_E_R_mean": -0.0004725551335385547,
      "permuted_E_R_std": 0.05323169469127986,
      "permuted_E_R_p5": -0.08411122172153905,
      "permuted_E_R_p95": 0.0890188717346165,
      "p_one_sided_ge": 0.561,
      "p_one_sided_le": 0.439,
      "p_two_sided": 0.878,
      "gate_O53_pass": false
    },
    "Liquidity_Sweep_Scalp": {
      "n": 42,
      "iterations": 2000,
      "observed_E_R": -0.03612209387714144,
      "observed_total_R": -1.5171279428399402,
      "permuted_E_R_mean": 0.00039287930879050245,
      "permuted_E_R_std": 0.025725150973039092,
      "permuted_E_R_p5": -0.041888856767714276,
      "permuted_E_R_p95": 0.04281352787285655,
      "p_one_sided_ge": 0.9225,
      "p_one_sided_le": 0.0775,
      "p_two_sided": 0.155,
      "gate_O53_pass": false
    },
    "News_Fade": {
      "n": 10,
      "iterations": 2000,
      "observed_E_R": 0.0011983534799992813,
      "observed_total_R": 0.011983534799992812,
      "permuted_E_R_mean": -0.001011300567960003,
      "permuted_E_R_std": 0.08447283283789869,
      "permuted_E_R_p5": -0.14606209133199988,
      "permuted_E_R_p95": 0.1459125925199985,
      "p_one_sided_ge": 0.498,
      "p_one_sided_le": 0.5035,
      "p_two_sided": 0.996,
      "gate_O53_pass": false
    },
    "Session_Open_Scalp": {
      "n": 12,
      "iterations": 2000,
      "observed_E_R": -0.013858404416665894,
      "observed_total_R": -0.16630085299999073,
      "permuted_E_R_mean": 0.0002226596907499955,
      "permuted_E_R_std": 0.03763252603908118,
      "permuted_E_R_p5": -0.05933634021666543,
      "permuted_E_R_p95": 0.0653015169166657,
      "p_one_sided_ge": 0.636,
      "p_one_sided_le": 0.364,
      "p_two_sided": 0.728,
      "gate_O53_pass": false
    }
  }
}