{
  "label": "htf_bias_15m_bos_solo_12w",
  "total_trades_loaded": 58,
  "cohort": {
    "n": 58,
    "iterations": 2000,
    "observed_E_R": -0.03569597148922446,
    "observed_total_R": -2.070366346375019,
    "permuted_E_R_mean": 0.0002377609943681208,
    "permuted_E_R_std": 0.0254280889010166,
    "permuted_E_R_p5": -0.04104280562051714,
    "permuted_E_R_p95": 0.041571210899310866,
    "p_one_sided_ge": 0.9205,
    "p_one_sided_le": 0.0795,
    "p_two_sided": 0.159,
    "gate_O53_pass": false
  },
  "splits": {
    "LONG": {
      "n": 42,
      "iterations": 2000,
      "observed_E_R": -0.07040277067559549,
      "observed_total_R": -2.9569163683750106,
      "permuted_E_R_mean": 0.0003599561012779869,
      "permuted_E_R_std": 0.031619501143011736,
      "permuted_E_R_p5": -0.05100779057160681,
      "permuted_E_R_p95": 0.051193034626189717,
      "p_one_sided_ge": 0.989,
      "p_one_sided_le": 0.011,
      "p_two_sided": 0.022,
      "gate_O53_pass": false
    },
    "SHORT": {
      "n": 16,
      "iterations": 2000,
      "observed_E_R": 0.05540937637499949,
      "observed_total_R": 0.8865500219999919,
      "permuted_E_R_mean": -0.0005074033894687683,
      "permuted_E_R_std": 0.040761935194630707,
      "permuted_E_R_p5": -0.0663410249218744,
      "permuted_E_R_p95": 0.06491046049999978,
      "p_one_sided_ge": 0.087,
      "p_one_sided_le": 0.913,
      "p_two_sided": 0.174,
      "gate_O53_pass": false
    }
  }
}