{
  "run_id": "smoke_fixes",
  "n_setups": 20,
  "components": {
    "liquidity_sweep_score": {
      "min": 0.1381679723931693,
      "median": 0.3,
      "p90": 0.6000000000000001
    },
    "bos_strength_score": {
      "min": 0.0,
      "median": 0.36011317617366545,
      "p90": 0.5023586584597661
    },
    "fvg_quality_score": {
      "min": 0.7103533792658575,
      "median": 0.7337876844556015,
      "p90": 0.750772556241587
    },
    "pattern_quality_score": {
      "min": 0.8,
      "median": 0.9666666666666667,
      "p90": 1.0
    }
  },
  "flags": {
    "sweep_detected_pct": 30.0,
    "bos_detected_pct": 95.0,
    "fvg_detected_pct": 100.0,
    "pattern_detected_pct": 100.0
  },
  "quality_distribution": {
    "A+": 20
  }
}