{
  "run_total_r": 1.360085000000021,
  "run_peak_r": 1.879915000000004,
  "max_drawdown_r": 0.5198299999999829,
  "current_drawdown_r": 0.5198299999999829,
  "final_balance": 51360.08500000002,
  "initial_capital": 50000.0,
  "trading_mode": "AGGRESSIVE",
  "run_stopped": false,
  "disabled_playbooks": [],
  "stop_run_triggered": false,
  "stop_run_time": null,
  "stop_run_reason": ""
}