{
  "run_total_r": -1.9223927999999302,
  "run_peak_r": 0.028105000000014257,
  "max_drawdown_r": 3.4374927999999656,
  "current_drawdown_r": 1.9504977999999444,
  "final_balance": 96155.21440000014,
  "initial_capital": 100000.0,
  "trading_mode": "AGGRESSIVE",
  "run_stopped": false,
  "disabled_playbooks": [],
  "stop_run_triggered": false,
  "stop_run_time": null,
  "stop_run_reason": ""
}