{
  "run_total_r": -0.8895314025000414,
  "run_peak_r": 0.10105672999999707,
  "max_drawdown_r": 3.8271864950000034,
  "current_drawdown_r": 0.9905881325000384,
  "final_balance": 98220.93719499995,
  "initial_capital": 100000.0,
  "trading_mode": "AGGRESSIVE",
  "run_stopped": false,
  "disabled_playbooks": [],
  "stop_run_triggered": false,
  "stop_run_time": null,
  "stop_run_reason": ""
}