{
  "run_total_r": -2.486360749999965,
  "run_peak_r": 0.028105000000014257,
  "max_drawdown_r": 2.662345749999982,
  "current_drawdown_r": 2.5144657499999794,
  "final_balance": 95027.27850000009,
  "initial_capital": 100000.0,
  "trading_mode": "AGGRESSIVE",
  "run_stopped": false,
  "disabled_playbooks": [],
  "stop_run_triggered": false,
  "stop_run_time": null,
  "stop_run_reason": ""
}