{
  "Session_Open_Scalp": {
    "trades": 78,
    "wins": 18,
    "losses": 60,
    "winrate": 23.076923076923077,
    "total_r": -1.2415641750000215,
    "profit_factor": 0.4810520539537431,
    "disabled": false,
    "disable_reason": ""
  },
  "FVG_Fill_Scalp": {
    "trades": 595,
    "wins": 66,
    "losses": 529,
    "winrate": 11.092436974789916,
    "total_r": -19.85277047749989,
    "profit_factor": 0.04701729627477402,
    "disabled": false,
    "disable_reason": ""
  },
  "NY_Open_Reversal": {
    "trades": 1059,
    "wins": 86,
    "losses": 973,
    "winrate": 8.120868744098205,
    "total_r": -27.713876620499768,
    "profit_factor": 0.41385226119396434,
    "disabled": false,
    "disable_reason": ""
  }
}