{
  "run_total_r": -48.80821127299937,
  "run_peak_r": 0.46724772499998235,
  "max_drawdown_r": 50.037744406999394,
  "current_drawdown_r": 49.27545899799936,
  "final_balance": 1191.7887270002989,
  "initial_capital": 50000.0,
  "trading_mode": "AGGRESSIVE",
  "run_stopped": false,
  "disabled_playbooks": [],
  "stop_run_triggered": false,
  "stop_run_time": null,
  "stop_run_reason": ""
}