{
  "Morning_Trap_Reversal": {
    "trades": 8,
    "wins": 5,
    "losses": 3,
    "winrate": 62.5,
    "total_r": -0.23217100581000027,
    "profit_factor": 0.8225953405760005,
    "disabled": false,
    "disable_reason": ""
  },
  "BOS_Scalp_1m": {
    "trades": 15,
    "wins": 10,
    "losses": 5,
    "winrate": 66.66666666666666,
    "total_r": -0.9510928496000093,
    "profit_factor": 0.4787910581526131,
    "disabled": false,
    "disable_reason": ""
  },
  "Engulfing_Bar_V056": {
    "trades": 10,
    "wins": 8,
    "losses": 2,
    "winrate": 80.0,
    "total_r": 0.7370513489999737,
    "profit_factor": 1.7899561331586593,
    "disabled": false,
    "disable_reason": ""
  },
  "Liquidity_Sweep_Scalp": {
    "trades": 13,
    "wins": 7,
    "losses": 6,
    "winrate": 53.84615384615385,
    "total_r": 0.574306958249957,
    "profit_factor": 1.6197398512434513,
    "disabled": false,
    "disable_reason": ""
  }
}