{
  "run_total_r": 0.1280944518399202,
  "run_peak_r": 0.7474158351999445,
  "max_drawdown_r": 2.971156676999969,
  "current_drawdown_r": 0.6193213833600243,
  "final_balance": 50128.09445183991,
  "initial_capital": 50000.0,
  "trading_mode": "AGGRESSIVE",
  "run_stopped": false,
  "disabled_playbooks": [],
  "stop_run_triggered": false,
  "stop_run_time": null,
  "stop_run_reason": ""
}