{
  "Liquidity_Sweep_Scalp": {
    "trades": 189,
    "wins": 53,
    "losses": 136,
    "winrate": 28.04232804232804,
    "total_r": -9.767777440499982,
    "profit_factor": 0.2797913049501357,
    "disabled": false,
    "disable_reason": ""
  },
  "FVG_Fill_Scalp": {
    "trades": 101,
    "wins": 24,
    "losses": 77,
    "winrate": 23.762376237623762,
    "total_r": -3.821898548249998,
    "profit_factor": 0.16712405273209396,
    "disabled": false,
    "disable_reason": ""
  },
  "NY_Open_Reversal": {
    "trades": 120,
    "wins": 25,
    "losses": 95,
    "winrate": 20.833333333333336,
    "total_r": -7.2369994264999455,
    "profit_factor": 0.42133171839618,
    "disabled": false,
    "disable_reason": ""
  },
  "IFVG_5m_Sweep": {
    "trades": 108,
    "wins": 7,
    "losses": 101,
    "winrate": 6.481481481481481,
    "total_r": -5.211997300499974,
    "profit_factor": 0.4313300511718492,
    "disabled": false,
    "disable_reason": ""
  },
  "Morning_Trap_Reversal": {
    "trades": 122,
    "wins": 17,
    "losses": 105,
    "winrate": 13.934426229508196,
    "total_r": -7.1484227794999295,
    "profit_factor": 0.46297387802874024,
    "disabled": false,
    "disable_reason": ""
  },
  "News_Fade": {
    "trades": 17,
    "wins": 4,
    "losses": 13,
    "winrate": 23.52941176470588,
    "total_r": -1.1092266999999998,
    "profit_factor": 0.1904274362880193,
    "disabled": false,
    "disable_reason": ""
  },
  "Session_Open_Scalp": {
    "trades": 47,
    "wins": 11,
    "losses": 36,
    "winrate": 23.404255319148938,
    "total_r": -2.756829546999997,
    "profit_factor": 0.2719263484108761,
    "disabled": false,
    "disable_reason": ""
  }
}