{
  "run_total_r": -37.05315174224982,
  "run_peak_r": 0.9628328000000226,
  "max_drawdown_r": 38.01598454224984,
  "current_drawdown_r": 38.01598454224984,
  "final_balance": 12946.848257750184,
  "initial_capital": 50000.0,
  "trading_mode": "AGGRESSIVE",
  "run_stopped": false,
  "disabled_playbooks": [],
  "stop_run_triggered": false,
  "stop_run_time": null,
  "stop_run_reason": ""
}