{
  "Morning_Trap_Reversal": {
    "trades": 8,
    "wins": 3,
    "losses": 5,
    "winrate": 37.5,
    "total_r": -1.0810724110000138,
    "profit_factor": 0.625128896724652,
    "disabled": false,
    "disable_reason": ""
  },
  "BOS_Scalp_1m": {
    "trades": 12,
    "wins": 5,
    "losses": 7,
    "winrate": 41.66666666666667,
    "total_r": -1.3194245710800274,
    "profit_factor": 0.6219753303033638,
    "disabled": false,
    "disable_reason": ""
  },
  "Liquidity_Sweep_Scalp": {
    "trades": 12,
    "wins": 8,
    "losses": 4,
    "winrate": 66.66666666666666,
    "total_r": -0.05587763199997592,
    "profit_factor": 0.9505833484088129,
    "disabled": false,
    "disable_reason": ""
  },
  "Engulfing_Bar_V056": {
    "trades": 8,
    "wins": 3,
    "losses": 5,
    "winrate": 37.5,
    "total_r": -2.7804250605500256,
    "profit_factor": 0.1406061976220551,
    "disabled": false,
    "disable_reason": ""
  }
}