{
  "run_total_r": -5.236799674630043,
  "run_peak_r": 1.8330701291200386,
  "max_drawdown_r": 7.069869803750081,
  "current_drawdown_r": 7.069869803750081,
  "final_balance": 44763.20032536994,
  "initial_capital": 50000.0,
  "trading_mode": "AGGRESSIVE",
  "run_stopped": false,
  "disabled_playbooks": [],
  "stop_run_triggered": false,
  "stop_run_time": null,
  "stop_run_reason": ""
}