{
  "HTF_Bias_15m_BOS": {
    "trades": 5,
    "wins": 3,
    "losses": 2,
    "winrate": 60.0,
    "total_r": -0.18137142750000212,
    "profit_factor": 0.5866027347596753,
    "disabled": false,
    "disable_reason": ""
  }
}