{
  "Liquidity_Sweep_Scalp": {
    "trades": 269,
    "wins": 31,
    "losses": 238,
    "winrate": 11.524163568773234,
    "total_r": -14.96901265599992,
    "profit_factor": 0.11020125260004264,
    "disabled": false,
    "disable_reason": ""
  },
  "Morning_Trap_Reversal": {
    "trades": 88,
    "wins": 8,
    "losses": 80,
    "winrate": 9.090909090909092,
    "total_r": -5.514473601999914,
    "profit_factor": 0.4642472970216775,
    "disabled": false,
    "disable_reason": ""
  },
  "Session_Open_Scalp": {
    "trades": 8,
    "wins": 0,
    "losses": 8,
    "winrate": 0.0,
    "total_r": -1.442850000000007,
    "profit_factor": 0.0,
    "disabled": false,
    "disable_reason": ""
  }
}