{
  "Morning_Trap_Reversal": {
    "trades": 8,
    "wins": 3,
    "losses": 5,
    "winrate": 37.5,
    "total_r": -1.0616203516000138,
    "profit_factor": 0.6322094447437782,
    "disabled": false,
    "disable_reason": ""
  },
  "BOS_Scalp_1m": {
    "trades": 12,
    "wins": 5,
    "losses": 7,
    "winrate": 41.66666666666667,
    "total_r": -1.1366717343200239,
    "profit_factor": 0.6591800204380633,
    "disabled": false,
    "disable_reason": ""
  },
  "Liquidity_Sweep_Scalp": {
    "trades": 12,
    "wins": 8,
    "losses": 4,
    "winrate": 66.66666666666666,
    "total_r": 0.5038165129999986,
    "profit_factor": 1.8717187903130108,
    "disabled": false,
    "disable_reason": ""
  },
  "Engulfing_Bar_V056": {
    "trades": 8,
    "wins": 3,
    "losses": 5,
    "winrate": 37.5,
    "total_r": -2.7833737501500257,
    "profit_factor": 0.1420360136626886,
    "disabled": false,
    "disable_reason": ""
  }
}