{
  "run_total_r": -4.477849323070065,
  "run_peak_r": 2.5568555086800147,
  "max_drawdown_r": 7.03470483175008,
  "current_drawdown_r": 7.03470483175008,
  "final_balance": 45522.15067692992,
  "initial_capital": 50000.0,
  "trading_mode": "AGGRESSIVE",
  "run_stopped": false,
  "disabled_playbooks": [],
  "stop_run_triggered": false,
  "stop_run_time": null,
  "stop_run_reason": ""
}