{
  "Aplus_04_HTF_15m_BOS_v1": {
    "trades": 12,
    "wins": 5,
    "losses": 7,
    "winrate": 41.66666666666667,
    "total_r": -2.3505002538000137,
    "profit_factor": 0.20816930959306604,
    "disabled": false,
    "disable_reason": ""
  }
}