{
  "Aplus_03_IFVG_Flip_5m": {
    "trades": 6,
    "wins": 1,
    "losses": 5,
    "winrate": 16.666666666666664,
    "total_r": -1.0702238300000126,
    "profit_factor": 0.08065195838763622,
    "disabled": false,
    "disable_reason": ""
  }
}