{
  "Session_Open_Scalp": {
    "trades": 78,
    "wins": 18,
    "losses": 60,
    "winrate": 23.076923076923077,
    "total_r": -1.3170013750000198,
    "profit_factor": 0.42933716302437086,
    "disabled": false,
    "disable_reason": ""
  },
  "FVG_Fill_Scalp": {
    "trades": 595,
    "wins": 66,
    "losses": 529,
    "winrate": 11.092436974789916,
    "total_r": -19.84739937749989,
    "profit_factor": 0.047029421694293604,
    "disabled": false,
    "disable_reason": ""
  },
  "NY_Open_Reversal": {
    "trades": 1059,
    "wins": 86,
    "losses": 973,
    "winrate": 8.120868744098205,
    "total_r": -27.69013850999976,
    "profit_factor": 0.41339311707299753,
    "disabled": false,
    "disable_reason": ""
  }
}