{
  "run_total_r": -48.85453926249932,
  "run_peak_r": 0.46724772499998235,
  "max_drawdown_r": 50.04747899649934,
  "current_drawdown_r": 49.32178698749931,
  "final_balance": 1145.4607375003206,
  "initial_capital": 50000.0,
  "trading_mode": "AGGRESSIVE",
  "run_stopped": false,
  "disabled_playbooks": [],
  "stop_run_triggered": false,
  "stop_run_time": null,
  "stop_run_reason": ""
}