{
  "Liquidity_Sweep_Scalp": {
    "trades": 93,
    "wins": 28,
    "losses": 65,
    "winrate": 30.107526881720432,
    "total_r": -4.998490725000051,
    "profit_factor": 0.3741975466952096,
    "disabled": false,
    "disable_reason": ""
  },
  "NY_Open_Reversal": {
    "trades": 61,
    "wins": 10,
    "losses": 51,
    "winrate": 16.39344262295082,
    "total_r": -3.7013415219999457,
    "profit_factor": 0.4805854213619295,
    "disabled": false,
    "disable_reason": ""
  },
  "IFVG_5m_Sweep": {
    "trades": 59,
    "wins": 11,
    "losses": 48,
    "winrate": 18.64406779661017,
    "total_r": -2.545440778000002,
    "profit_factor": 0.7080315053422634,
    "disabled": false,
    "disable_reason": ""
  },
  "Morning_Trap_Reversal": {
    "trades": 62,
    "wins": 8,
    "losses": 54,
    "winrate": 12.903225806451612,
    "total_r": -6.986520447499902,
    "profit_factor": 0.35976590244363715,
    "disabled": false,
    "disable_reason": ""
  },
  "FVG_Fill_Scalp": {
    "trades": 70,
    "wins": 17,
    "losses": 53,
    "winrate": 24.285714285714285,
    "total_r": -4.143193124999973,
    "profit_factor": 0.09456680999565509,
    "disabled": false,
    "disable_reason": ""
  },
  "HTF_Bias_15m_BOS": {
    "trades": 22,
    "wins": 6,
    "losses": 16,
    "winrate": 27.27272727272727,
    "total_r": 0.3224440845000061,
    "profit_factor": 1.1120773173410976,
    "disabled": false,
    "disable_reason": ""
  },
  "News_Fade": {
    "trades": 9,
    "wins": 1,
    "losses": 8,
    "winrate": 11.11111111111111,
    "total_r": -0.741026799999989,
    "profit_factor": 0.24701336264151288,
    "disabled": false,
    "disable_reason": ""
  },
  "Session_Open_Scalp": {
    "trades": 40,
    "wins": 10,
    "losses": 30,
    "winrate": 25.0,
    "total_r": -3.050338428999993,
    "profit_factor": 0.23417125199712546,
    "disabled": false,
    "disable_reason": ""
  }
}