{
  "run_total_r": -25.843907741999857,
  "run_peak_r": 0.9981478000000082,
  "max_drawdown_r": 27.899986694999807,
  "current_drawdown_r": 26.842055541999866,
  "final_balance": 24156.09225800014,
  "initial_capital": 50000.0,
  "trading_mode": "AGGRESSIVE",
  "run_stopped": false,
  "disabled_playbooks": [],
  "stop_run_triggered": false,
  "stop_run_time": null,
  "stop_run_reason": ""
}