{
  "Session_Open_Scalp": {
    "trades": 47,
    "wins": 10,
    "losses": 37,
    "winrate": 21.27659574468085,
    "total_r": -3.2663179669999804,
    "profit_factor": 0.47410930441965426,
    "disabled": false,
    "disable_reason": ""
  },
  "NY_Open_Reversal": {
    "trades": 392,
    "wins": 118,
    "losses": 274,
    "winrate": 30.102040816326532,
    "total_r": 0.7729771909992584,
    "profit_factor": 1.015188446454746,
    "disabled": false,
    "disable_reason": ""
  }
}