{
  "run_total_r": -2.4933407760007213,
  "run_peak_r": 1.7054038679996424,
  "max_drawdown_r": 20.267486937999774,
  "current_drawdown_r": 4.198744644000364,
  "final_balance": 47506.659223999304,
  "initial_capital": 50000.0,
  "trading_mode": "AGGRESSIVE",
  "run_stopped": false,
  "disabled_playbooks": [],
  "stop_run_triggered": false,
  "stop_run_time": null,
  "stop_run_reason": ""
}