{
  "run_id": "miniweek_htf_bias_15m_bos_solo_12w_htf_bias_15m_bos_solo_12w_oct_w1",
  "n_setups": 20,
  "components": {
    "liquidity_sweep_score": {
      "min": 0.3,
      "median": 0.3,
      "p90": 0.3
    },
    "bos_strength_score": {
      "min": 0.0,
      "median": 0.2565236742175961,
      "p90": 0.3962984930869395
    },
    "fvg_quality_score": {
      "min": 0.7651966257542209,
      "median": 0.7651966257542209,
      "p90": 0.7651966257542209
    },
    "pattern_quality_score": {
      "min": 0.8333333333333334,
      "median": 0.9,
      "p90": 1.0
    }
  },
  "flags": {
    "sweep_detected_pct": 0.0,
    "bos_detected_pct": 90.0,
    "fvg_detected_pct": 100.0,
    "pattern_detected_pct": 100.0
  },
  "quality_distribution": {
    "A+": 20
  }
}