{
  "HTF_Bias_15m_BOS": {
    "trades": 5,
    "wins": 2,
    "losses": 3,
    "winrate": 40.0,
    "total_r": -0.6700014077000104,
    "profit_factor": 0.21289224630845535,
    "disabled": false,
    "disable_reason": ""
  }
}