{
  "run_total_r": -0.6700014077000104,
  "run_peak_r": 0.09172756499999783,
  "max_drawdown_r": 0.7617289727000082,
  "current_drawdown_r": 0.7617289727000082,
  "final_balance": 49329.99859229999,
  "initial_capital": 50000.0,
  "trading_mode": "AGGRESSIVE",
  "run_stopped": false,
  "disabled_playbooks": [],
  "stop_run_triggered": false,
  "stop_run_time": null,
  "stop_run_reason": ""
}