{
  "run_id": "miniweek_smt_spy_qqq_smt_spy_qqq_v1_jun_w3_v83_yaml_neutral",
  "n_setups": 20,
  "components": {
    "liquidity_sweep_score": {
      "min": 0.3,
      "median": 0.3,
      "p90": 0.3
    },
    "bos_strength_score": {
      "min": 0.0,
      "median": 0.2680757106265096,
      "p90": 0.3780673493418006
    },
    "fvg_quality_score": {
      "min": 0.5897505370624554,
      "median": 0.5897505370624554,
      "p90": 0.5897505370624554
    },
    "pattern_quality_score": {
      "min": 0.9666666666666667,
      "median": 1.0,
      "p90": 1.0
    }
  },
  "flags": {
    "sweep_detected_pct": 0.0,
    "bos_detected_pct": 95.0,
    "fvg_detected_pct": 100.0,
    "pattern_detected_pct": 100.0
  },
  "quality_distribution": {
    "A+": 20
  }
}