{
  "run_total_r": -0.5366382999999872,
  "run_peak_r": 0.04814000000001232,
  "max_drawdown_r": 0.5847782999999995,
  "current_drawdown_r": 0.5847782999999995,
  "final_balance": 49463.36170000001,
  "initial_capital": 50000.0,
  "trading_mode": "AGGRESSIVE",
  "run_stopped": false,
  "disabled_playbooks": [],
  "stop_run_triggered": false,
  "stop_run_time": null,
  "stop_run_reason": ""
}