{
  "News_Fade": {
    "trades": 12,
    "wins": 11,
    "losses": 1,
    "winrate": 91.66666666666666,
    "total_r": 1.83441692487495,
    "profit_factor": 4.930141494372078,
    "disabled": false,
    "disable_reason": ""
  },
  "Liquidity_Sweep_Scalp": {
    "trades": 275,
    "wins": 97,
    "losses": 178,
    "winrate": 35.27272727272727,
    "total_r": -12.882535414499976,
    "profit_factor": 0.48283276198072916,
    "disabled": false,
    "disable_reason": ""
  },
  "Morning_Trap_Reversal": {
    "trades": 101,
    "wins": 22,
    "losses": 79,
    "winrate": 21.782178217821784,
    "total_r": 0.7393927349998171,
    "profit_factor": 1.0636505028594794,
    "disabled": false,
    "disable_reason": ""
  },
  "Session_Open_Scalp": {
    "trades": 3,
    "wins": 0,
    "losses": 3,
    "winrate": 0.0,
    "total_r": -0.22224000000000002,
    "profit_factor": 0.0,
    "disabled": false,
    "disable_reason": ""
  }
}