{
  "run_total_r": -10.530965754625203,
  "run_peak_r": 0.21067527749998052,
  "max_drawdown_r": 11.967158350625015,
  "current_drawdown_r": 10.741641032125184,
  "final_balance": 39469.03424537478,
  "initial_capital": 50000.0,
  "trading_mode": "AGGRESSIVE",
  "run_stopped": false,
  "disabled_playbooks": [],
  "stop_run_triggered": false,
  "stop_run_time": null,
  "stop_run_reason": ""
}