{
  "Liquidity_Sweep_Scalp": {
    "trades": 316,
    "wins": 58,
    "losses": 258,
    "winrate": 18.354430379746837,
    "total_r": -15.766824251249986,
    "profit_factor": 0.23436942205660077,
    "disabled": false,
    "disable_reason": ""
  },
  "Session_Open_Scalp": {
    "trades": 14,
    "wins": 0,
    "losses": 14,
    "winrate": 0.0,
    "total_r": -2.0765247999999827,
    "profit_factor": 0.0,
    "disabled": false,
    "disable_reason": ""
  },
  "FVG_Fill_Scalp": {
    "trades": 38,
    "wins": 9,
    "losses": 29,
    "winrate": 23.684210526315788,
    "total_r": -2.1701847749999916,
    "profit_factor": 0.26635963445339994,
    "disabled": false,
    "disable_reason": ""
  },
  "Morning_Trap_Reversal": {
    "trades": 89,
    "wins": 33,
    "losses": 56,
    "winrate": 37.07865168539326,
    "total_r": 12.578786978999759,
    "profit_factor": 2.785515590495718,
    "disabled": false,
    "disable_reason": ""
  },
  "News_Fade": {
    "trades": 7,
    "wins": 6,
    "losses": 1,
    "winrate": 85.71428571428571,
    "total_r": 1.3967109999999614,
    "profit_factor": 31.28428013876632,
    "disabled": false,
    "disable_reason": ""
  }
}