{
  "run_total_r": -6.038035847250243,
  "run_peak_r": 1.6982535509997403,
  "max_drawdown_r": 11.153988264999978,
  "current_drawdown_r": 7.736289398249983,
  "final_balance": 43961.96415274975,
  "initial_capital": 50000.0,
  "trading_mode": "AGGRESSIVE",
  "run_stopped": false,
  "disabled_playbooks": [],
  "stop_run_triggered": false,
  "stop_run_time": null,
  "stop_run_reason": ""
}