{
  "Liquidity_Sweep_Scalp": {
    "trades": 11,
    "wins": 2,
    "losses": 9,
    "winrate": 18.181818181818183,
    "total_r": -1.5929932859999874,
    "profit_factor": 0.043564852355181864,
    "disabled": false,
    "disable_reason": ""
  },
  "Engulfing_Bar_V056": {
    "trades": 6,
    "wins": 2,
    "losses": 4,
    "winrate": 33.33333333333333,
    "total_r": -0.1954940699999841,
    "profit_factor": 0.5496462254371581,
    "disabled": false,
    "disable_reason": ""
  },
  "BOS_Scalp_1m": {
    "trades": 12,
    "wins": 4,
    "losses": 8,
    "winrate": 33.33333333333333,
    "total_r": -1.7564171040000192,
    "profit_factor": 0.16532522944445244,
    "disabled": false,
    "disable_reason": ""
  },
  "Morning_Trap_Reversal": {
    "trades": 6,
    "wins": 0,
    "losses": 6,
    "winrate": 0.0,
    "total_r": -2.5586413799999903,
    "profit_factor": 0.0,
    "disabled": false,
    "disable_reason": ""
  }
}